ID,YEAR,INCOM16,CONINC,DEGREE,PADEG,MADEG,SPDEG,MAWRKGRW,FEFAM,FECHLD,CONPRESS,CONJUDGE,CONLEGIS,GOD,HAPPY,NATENVIY,EQWLTH,ABANY,CAPPUN,RES16,NATEDUCY
1011,1972,3,50926,1,0,0,0,0,0,0,0,0,0,0,2,0,0,0,0,3,0
961,1972,3,33333,1,1,0,7,0,0,0,0,0,0,0,2,0,0,0,0,2,0
308,1972,1,3704,0,8,8,7,0,0,0,0,0,0,0,2,0,0,0,0,3,0
767,1972,3,25926,0,0,0,1,0,0,0,0,0,0,0,2,0,0,0,0,4,0
1042,1972,3,41667,1,9,9,1,0,0,0,0,0,0,0,3,0,0,0,0,6,0
1329,1972,2,3704,0,7,0,7,0,0,0,0,0,0,0,2,0,0,0,0,1,0
640,1972,3,25926,1,0,0,7,0,0,0,0,0,0,0,2,0,0,0,0,1,0
1588,1972,1,11111,0,0,0,0,0,0,0,0,0,0,0,1,0,0,0,0,2,0
1445,1972,3,41667,0,0,9,0,0,0,0,0,0,0,0,3,0,0,0,0,4,0
294,1972,4,50926,1,0,0,1,0,0,0,0,0,0,0,1,0,0,0,0,3,0
159,1972,3,33333,1,1,0,1,0,0,0,0,0,0,0,2,0,0,0,0,4,0
360,1972,1,11111,0,7,0,7,0,0,0,0,0,0,0,2,0,0,0,0,2,0
523,1972,3,50926,1,3,3,1,0,0,0,0,0,0,0,1,0,0,0,0,3,0
634,1972,4,33333,1,0,0,1,0,0,0,0,0,0,0,3,0,0,0,0,3,0
223,1972,4,83333,4,0,0,1,0,0,0,0,0,0,0,2,0,0,0,0,5,0
799,1972,3,50926,1,0,0,3,0,0,0,0,0,0,0,1,0,0,0,0,5,0
286,1972,3,41667,0,0,0,0,0,0,0,0,0,0,0,2,0,0,0,0,4,0
298,1972,3,11111,0,0,7,7,0,0,0,0,0,0,0,2,0,0,0,0,3,0
526,1972,3,11111,1,1,0,7,0,0,0,0,0,0,0,2,0,0,0,0,3,0
497,1972,3,11111,0,9,0,0,0,0,0,0,0,0,0,3,0,0,0,0,5,0
1243,1972,3,41667,0,7,0,1,0,0,0,0,0,0,0,1,0,0,0,0,1,0
1133,1972,2,69444,0,8,8,0,0,0,0,0,0,0,0,3,0,0,0,0,6,0
115,1972,3,41667,1,0,0,7,0,0,0,0,0,0,0,2,0,0,0,0,5,0
1335,1972,2,3704,0,8,8,0,0,0,0,0,0,0,0,2,0,0,0,0,2,0
1604,1972,3,0,0,9,8,0,0,0,0,0,0,0,0,2,0,0,0,0,6,0
1300,1972,3,50926,1,1,3,1,0,0,0,0,0,0,0,1,0,0,0,0,3,0
940,1972,2,3704,0,0,0,0,0,0,0,0,0,0,0,1,0,0,0,0,3,0
772,1972,2,41667,1,0,1,1,0,0,0,0,0,0,0,2,0,0,0,0,5,0
1420,1972,3,33333,1,0,0,3,0,0,0,0,0,0,0,2,0,0,0,0,2,0
15,1972,3,25926,0,7,0,0,0,0,0,0,0,0,0,1,0,0,0,0,3,0
342,1972,1,18519,0,8,0,1,0,0,0,0,0,0,0,3,0,0,0,0,2,0
424,1972,2,41667,0,0,0,1,0,0,0,0,0,0,0,2,0,0,0,0,1,0
700,1972,3,33333,1,9,0,1,0,0,0,0,0,0,0,3,0,0,0,0,2,0
1251,1972,2,25926,1,1,1,1,0,0,0,0,0,0,0,2,0,0,0,0,5,0
1073,1972,3,33333,1,9,1,9,0,0,0,0,0,0,0,1,0,0,0,0,2,0
143,1972,3,33333,1,0,7,1,0,0,0,0,0,0,0,3,0,0,0,0,6,0
644,1972,3,41667,1,0,0,0,0,0,0,0,0,0,0,2,0,0,0,0,2,0
484,1972,3,60185,4,1,1,4,0,0,0,0,0,0,0,1,0,0,0,0,4,0
1215,1972,2,0,0,8,0,7,0,0,0,0,0,0,0,3,0,0,0,0,2,0
302,1972,2,0,0,8,8,1,0,0,0,0,0,0,0,1,0,0,0,0,2,0
1260,1972,2,18519,0,0,0,0,0,0,0,0,0,0,0,2,0,0,0,0,3,0
446,1972,3,83333,0,0,0,7,0,0,0,0,0,0,0,2,0,0,0,0,1,0
245,1972,2,130356,4,0,0,7,0,0,0,0,0,0,0,2,0,0,0,0,3,0
1481,1972,3,50926,1,9,1,1,0,0,0,0,0,0,0,2,0,0,0,0,6,0
10,1972,1,25926,1,0,0,1,0,0,0,0,0,0,0,2,0,0,0,0,3,0
265,1972,2,18519,1,0,0,1,0,0,0,0,0,0,0,3,0,0,0,0,2,0
238,1972,3,25926,1,9,9,0,0,0,0,0,0,0,0,1,0,0,0,0,2,0
1506,1972,1,50926,0,7,0,0,0,0,0,0,0,0,0,3,0,0,0,0,3,0
1386,1972,4,0,1,4,4,7,0,0,0,0,0,0,0,2,0,0,0,0,5,0
1192,1972,2,11111,0,0,0,0,0,0,0,0,0,0,0,3,0,0,0,0,2,0
817,1972,3,83333,1,1,8,1,0,0,0,0,0,0,0,3,0,0,0,0,3,0
443,1972,3,60185,1,0,0,1,0,0,0,0,0,0,0,2,0,0,0,0,1,0
1297,1972,2,60185,1,0,0,1,0,0,0,0,0,0,0,2,0,0,0,0,3,0
425,1972,2,0,0,7,9,7,0,0,0,0,0,0,0,2,0,0,0,0,4,0
1415,1972,3,50926,3,7,1,3,0,0,0,0,0,0,0,1,0,0,0,0,1,0
40,1972,4,18519,1,0,0,1,0,0,0,0,0,0,0,2,0,0,0,0,2,0
599,1972,3,41667,1,1,1,7,0,0,0,0,0,0,0,2,0,0,0,0,5,0
11,1972,2,18519,1,1,9,0,0,0,0,0,0,0,0,2,0,0,0,0,3,0
366,1972,3,18519,0,0,0,0,0,0,0,0,0,0,0,2,0,0,0,0,2,0
722,1972,3,3704,0,8,0,7,0,0,0,0,0,0,0,2,0,0,0,0,2,0
795,1972,3,101852,4,0,0,4,0,0,0,0,0,0,0,1,0,0,0,0,3,0
611,1972,3,11111,0,0,0,7,0,0,0,0,0,0,0,2,0,0,0,0,3,0
1031,1972,3,11111,0,0,0,7,0,0,0,0,0,0,0,2,0,0,0,0,4,0
614,1972,3,25926,0,8,8,9,0,0,0,0,0,0,0,1,0,0,0,0,3,0
411,1972,2,33333,4,0,0,3,0,0,0,0,0,0,0,2,0,0,0,0,2,0
673,1972,2,25926,1,0,0,0,0,0,0,0,0,0,0,3,0,0,0,0,6,0
355,1972,2,18519,0,0,0,0,0,0,0,0,0,0,0,1,0,0,0,0,2,0
905,1972,1,41667,0,7,1,1,0,0,0,0,0,0,0,2,0,0,0,0,5,0
1204,1972,3,41667,1,1,3,1,0,0,0,0,0,0,0,1,0,0,0,0,4,0
820,1972,2,25926,0,0,0,0,0,0,0,0,0,0,0,2,0,0,0,0,3,0
182,1972,2,11111,1,8,8,0,0,0,0,0,0,0,0,2,0,0,0,0,3,0
1248,1972,3,3704,1,7,9,7,0,0,0,0,0,0,0,1,0,0,0,0,3,0
197,1972,5,60185,0,0,0,0,0,0,0,0,0,0,0,1,0,0,0,0,4,0
373,1972,2,3704,0,8,8,7,0,0,0,0,0,0,0,3,0,0,0,0,3,0
460,1972,3,11111,1,0,1,1,0,0,0,0,0,0,0,2,0,0,0,0,6,0
1331,1972,2,3704,0,7,8,0,0,0,0,0,0,0,0,3,0,0,0,0,2,0
201,1972,2,18519,1,3,0,7,0,0,0,0,0,0,0,2,0,0,0,0,2,0
202,1972,2,41667,2,1,1,4,0,0,0,0,0,0,0,1,0,0,0,0,3,0
1458,1972,2,69444,1,0,0,3,0,0,0,0,0,0,0,2,0,0,0,0,6,0
63,1972,3,18519,1,0,0,1,0,0,0,0,0,0,0,2,0,0,0,0,2,0
1008,1972,3,69444,1,0,0,1,0,0,0,0,0,0,0,2,0,0,0,0,3,0
848,1972,2,18519,4,0,0,3,0,0,0,0,0,0,0,1,0,0,0,0,2,0
778,1972,3,3704,0,8,8,0,0,0,0,0,0,0,0,1,0,0,0,0,2,0
429,1972,3,83333,1,0,1,4,0,0,0,0,0,0,0,1,0,0,0,0,6,0
1016,1972,3,130356,1,1,1,1,0,0,0,0,0,0,0,2,0,0,0,0,1,0
613,1972,3,33333,1,9,9,0,0,0,0,0,0,0,0,1,0,0,0,0,3,0
1611,1972,1,0,1,0,0,1,0,0,0,0,0,0,0,2,0,0,0,0,3,0
757,1972,3,41667,1,0,1,7,0,0,0,0,0,0,0,2,0,0,0,0,4,0
1187,1972,3,33333,0,0,0,1,0,0,0,0,0,0,0,2,0,0,0,0,1,0
1340,1972,2,18519,0,9,9,9,0,0,0,0,0,0,0,2,0,0,0,0,1,0
558,1972,4,18519,1,8,8,7,0,0,0,0,0,0,0,3,0,0,0,0,6,0
931,1972,3,33333,0,0,0,0,0,0,0,0,0,0,0,1,0,0,0,0,2,0
1389,1972,5,25926,1,8,8,1,0,0,0,0,0,0,0,2,0,0,0,0,3,0
883,1972,3,18519,0,0,0,7,0,0,0,0,0,0,0,3,0,0,0,0,2,0
1307,1972,4,101852,3,3,1,7,0,0,0,0,0,0,0,2,0,0,0,0,5,0
1483,1972,2,33333,0,7,0,1,0,0,0,0,0,0,0,1,0,0,0,0,5,0
1318,1972,4,18519,0,7,7,9,0,0,0,0,0,0,0,1,0,0,0,0,6,0
1079,1972,3,50926,1,3,3,1,0,0,0,0,0,0,0,1,0,0,0,0,5,0
66,1972,4,33333,0,0,0,1,0,0,0,0,0,0,0,2,0,0,0,0,4,0
142,1972,4,3704,1,9,9,7,0,0,0,0,0,0,0,2,0,0,0,0,3,0
1242,1972,3,60185,1,0,0,1,0,0,0,0,0,0,0,1,0,0,0,0,5,0
1456,1972,3,0,1,0,0,1,0,0,0,0,0,0,0,3,0,0,0,0,6,0
1001,1972,2,3704,0,9,3,7,0,0,0,0,0,0,0,2,0,0,0,0,4,0
711,1972,3,3704,0,1,8,7,0,0,0,0,0,0,0,1,0,0,0,0,4,0
1319,1972,3,33333,9,8,8,7,0,0,0,0,0,0,0,3,0,0,0,0,6,0
300,1972,2,18519,0,0,0,0,0,0,0,0,0,0,0,3,0,0,0,0,3,0
1500,1972,3,3704,0,9,0,7,0,0,0,0,0,0,0,3,0,0,0,0,6,0
849,1972,4,50926,3,4,3,3,0,0,0,0,0,0,0,1,0,0,0,0,5,0
390,1972,3,50926,1,1,1,1,0,0,0,0,0,0,0,1,0,0,0,0,1,0
658,1972,3,25926,1,0,0,1,0,0,0,0,0,0,0,2,0,0,0,0,6,0
1301,1972,2,41667,1,1,0,1,0,0,0,0,0,0,0,2,0,0,0,0,5,0
395,1972,2,18519,3,7,0,7,0,0,0,0,0,0,0,3,0,0,0,0,3,0
1544,1972,2,50926,3,0,1,3,0,0,0,0,0,0,0,2,0,0,0,0,3,0
1363,1972,2,50926,0,0,0,0,0,0,0,0,0,0,0,2,0,0,0,0,6,0
588,1972,3,50926,1,0,0,1,0,0,0,0,0,0,0,3,0,0,0,0,3,0
771,1972,3,69444,0,3,1,7,0,0,0,0,0,0,0,1,0,0,0,0,5,0
1579,1972,1,25926,0,7,9,7,0,0,0,0,0,0,0,3,0,0,0,0,5,0
1452,1972,3,50926,0,0,0,7,0,0,0,0,0,0,0,1,0,0,0,0,3,0
982,1972,3,18519,0,7,9,0,0,0,0,0,0,0,0,2,0,0,0,0,2,0
170,1972,2,41667,1,0,0,0,0,0,0,0,0,0,0,1,0,0,0,0,6,0
394,1972,2,3704,1,0,0,7,0,0,0,0,0,0,0,2,0,0,0,0,6,0
343,1972,1,11111,0,8,0,0,0,0,0,0,0,0,0,2,0,0,0,0,2,0
1361,1972,3,33333,1,0,0,0,0,0,0,0,0,0,0,1,0,0,0,0,6,0
249,1972,2,60185,1,0,0,1,0,0,0,0,0,0,0,1,0,0,0,0,2,0
165,1972,4,33333,4,0,1,7,0,0,0,0,0,0,0,2,0,0,0,0,6,0
840,1972,2,3704,0,9,9,7,0,0,0,0,0,0,0,3,0,0,0,0,4,0
994,1972,3,41667,0,7,1,7,0,0,0,0,0,0,0,1,0,0,0,0,3,0
884,1972,1,18519,1,0,0,7,0,0,0,0,0,0,0,3,0,0,0,0,6,0
1096,1972,4,69444,3,4,3,4,0,0,0,0,0,0,0,1,0,0,0,0,5,0
1135,1972,3,25926,1,0,0,0,0,0,0,0,0,0,0,2,0,0,0,0,6,0
1376,1972,3,18519,4,1,1,1,0,0,0,0,0,0,0,3,0,0,0,0,6,0
648,1972,3,18519,1,0,0,1,0,0,0,0,0,0,0,1,0,0,0,0,3,0
335,1972,3,25926,3,8,0,7,0,0,0,0,0,0,0,2,0,0,0,0,3,0
710,1972,4,18519,1,1,2,7,0,0,0,0,0,0,0,2,0,0,0,0,2,0
1229,1972,3,3704,0,0,0,7,0,0,0,0,0,0,0,2,0,0,0,0,2,0
977,1972,4,101852,2,1,1,7,0,0,0,0,0,0,0,2,0,0,0,0,4,0
1568,1972,3,11111,0,0,0,1,0,0,0,0,0,0,0,2,0,0,0,0,3,0
31,1972,3,33333,0,0,0,0,0,0,0,0,0,0,0,2,0,0,0,0,3,0
154,1972,3,33333,0,1,0,1,0,0,0,0,0,0,0,2,0,0,0,0,3,0
1591,1972,3,101852,4,4,1,1,0,0,0,0,0,0,0,2,0,0,0,0,6,0
1433,1972,2,130356,9,9,9,1,0,0,0,0,0,0,0,1,0,0,0,0,3,0
813,1972,3,41667,1,1,0,0,0,0,0,0,0,0,0,3,0,0,0,0,6,0
122,1972,2,33333,0,7,1,9,0,0,0,0,0,0,0,1,0,0,0,0,2,0
890,1972,3,18519,1,0,0,7,0,0,0,0,0,0,0,3,0,0,0,0,6,0
824,1972,1,33333,0,7,0,0,0,0,0,0,0,0,0,2,0,0,0,0,3,0
777,1972,1,69444,1,0,0,1,0,0,0,0,0,0,0,2,0,0,0,0,1,0
542,1972,2,25926,1,7,0,7,0,0,0,0,0,0,0,2,0,0,0,0,3,0
1343,1972,3,25926,0,0,0,1,0,0,0,0,0,0,0,2,0,0,0,0,3,0
838,1972,3,11111,0,7,0,7,0,0,0,0,0,0,0,3,0,0,0,0,4,0
779,1972,3,41667,0,8,8,7,0,0,0,0,0,0,0,3,0,0,0,0,4,0
422,1976,3,63848,2,1,1,3,0,0,0,1,1,1,0,2,0,0,0,1,3,0
57,1976,3,15607,0,1,1,1,0,0,0,1,2,3,0,2,0,0,0,1,5,0
1075,1976,3,90726,1,0,0,4,0,0,0,2,2,2,0,1,0,0,0,1,3,0
1271,1976,4,49659,3,1,1,1,0,0,0,1,2,3,0,1,0,0,0,1,4,0
1201,1976,3,15607,1,1,0,1,0,0,0,2,3,3,0,2,0,0,0,1,6,0
411,1976,2,21283,3,0,1,0,0,0,0,2,2,2,0,2,0,0,0,1,2,0
529,1976,3,35471,0,0,8,0,0,0,0,3,2,2,0,3,0,0,0,1,5,0
604,1976,3,35471,0,0,0,0,0,0,0,3,2,2,0,2,0,0,0,1,2,0
511,1976,3,63848,1,1,1,1,0,0,0,2,2,2,0,2,0,0,0,1,4,0
1114,1976,2,90726,3,0,0,4,0,0,0,3,3,3,0,1,0,0,0,2,6,0
64,1976,2,35471,1,7,8,1,0,0,0,2,2,2,0,1,0,0,0,1,1,0
660,1976,3,12770,0,8,8,7,0,0,0,2,2,3,0,1,0,0,0,1,2,0
1314,1976,4,49659,1,7,0,1,0,0,0,2,1,1,0,2,0,0,0,2,3,0
229,1976,3,63848,4,1,3,1,0,0,0,2,1,1,0,1,0,0,0,2,3,0
67,1976,3,35471,1,1,1,1,0,0,0,1,2,1,0,1,0,0,0,1,1,0
531,1976,3,25539,0,0,8,7,0,0,0,2,2,3,0,2,0,0,0,2,6,0
1721,1976,2,21283,0,8,0,0,0,0,0,3,1,2,0,1,0,0,0,2,2,0
257,1976,5,63848,4,4,1,4,0,0,0,1,1,2,0,2,0,0,0,2,3,0
1381,1976,3,12770,0,0,7,0,0,0,0,1,1,2,0,1,0,0,0,1,3,0
184,1976,3,35471,3,1,1,7,0,0,0,2,3,2,0,2,0,0,0,1,2,0
1533,1976,2,49659,1,0,0,0,0,0,0,2,2,2,0,1,0,0,0,1,6,0
166,1976,3,0,0,8,0,0,0,0,0,2,2,2,0,1,0,0,0,2,5,0
1430,1976,1,49659,1,1,2,1,0,0,0,1,1,1,0,1,0,0,0,1,3,0
534,1976,3,35471,1,3,2,7,0,0,0,2,1,2,0,2,0,0,0,1,5,0
1587,1976,2,12770,1,0,1,7,0,0,0,3,2,2,0,2,0,0,0,8,5,0
1133,1976,3,49659,1,0,0,0,0,0,0,1,3,2,0,1,0,0,0,1,3,0
1228,1976,3,49659,0,7,1,1,0,0,0,1,2,2,0,2,0,0,0,1,5,0
1067,1976,2,49659,1,0,0,1,0,0,0,2,3,3,0,3,0,0,0,1,3,0
743,1976,2,49659,0,0,0,1,0,0,0,2,2,2,0,2,0,0,0,1,3,0
1748,1976,2,9932,0,0,0,0,0,0,0,3,1,1,0,2,0,0,0,2,2,0
1385,1976,3,49659,1,0,0,1,0,0,0,2,3,2,0,2,0,0,0,1,1,0
602,1976,3,15607,0,1,0,0,0,0,0,8,2,3,0,2,0,0,0,1,2,0
1312,1976,1,35471,1,7,8,1,0,0,0,3,2,2,0,2,0,0,0,1,4,0
334,1976,2,0,0,0,0,7,0,0,0,2,1,2,0,2,0,0,0,1,2,0
1557,1976,4,15607,1,0,0,7,0,0,0,3,3,3,0,2,0,0,0,1,1,0
1463,1976,3,9932,0,8,0,7,0,0,0,8,8,2,0,1,0,0,0,2,2,0
1336,1976,2,9932,0,4,1,0,0,0,0,3,3,3,0,1,0,0,0,2,1,0
282,1976,2,49659,0,0,0,0,0,0,0,2,2,1,0,2,0,0,0,1,6,0
634,1976,3,90726,3,0,1,3,0,0,0,3,2,2,0,2,0,0,0,1,3,0
596,1976,3,49659,1,0,0,7,0,0,0,1,1,1,0,3,0,0,0,1,3,0
1427,1976,3,49659,1,0,1,1,0,0,0,1,1,2,0,1,0,0,0,1,3,0
157,1976,2,21283,1,0,0,0,0,0,0,2,3,3,0,3,0,0,0,1,3,0
219,1976,3,25539,1,0,1,1,0,0,0,2,2,3,0,1,0,0,0,1,2,0
1740,1976,2,5675,0,0,0,7,0,0,0,8,2,2,0,1,0,0,0,1,1,0
1017,1976,2,49659,0,7,1,1,0,0,0,2,2,3,0,3,0,0,0,2,4,0
262,1976,2,25539,1,0,0,1,0,0,0,2,1,3,0,2,0,0,0,2,3,0
1258,1976,3,35471,1,1,8,1,0,0,0,3,3,3,0,1,0,0,0,1,3,0
709,1976,2,35471,0,0,0,0,0,0,0,2,1,2,0,2,0,0,0,2,2,0
1520,1976,3,35471,3,0,0,7,0,0,0,1,2,2,0,3,0,0,0,1,4,0
158,1976,4,90726,1,3,1,7,0,0,0,2,1,2,0,2,0,0,0,1,3,0
567,1976,3,25539,0,0,0,0,0,0,0,8,1,3,0,2,0,0,0,2,2,0
618,1976,2,35471,0,0,0,1,0,0,0,2,1,2,0,1,0,0,0,2,3,0
1287,1976,9,90726,4,7,7,4,0,0,0,2,1,3,0,1,0,0,0,1,6,0
1282,1976,2,63848,1,0,0,0,0,0,0,1,2,1,0,1,0,0,0,1,1,0
1091,1976,3,0,1,3,3,3,0,0,0,1,2,3,0,3,0,0,0,1,3,0
668,1976,2,63848,1,0,0,1,0,0,0,1,3,3,0,1,0,0,0,1,2,0
42,1976,4,18445,1,1,1,7,0,0,0,3,8,2,0,2,0,0,0,1,4,0
1049,1976,2,5675,0,0,7,7,0,0,0,2,1,2,0,2,0,0,0,1,3,0
1573,1976,3,49659,1,0,0,1,0,0,0,2,2,2,0,3,0,0,0,1,5,0
1059,1976,3,35471,0,0,0,1,0,0,0,1,2,1,0,2,0,0,0,2,6,0
111,1976,3,49659,1,0,1,0,0,0,0,2,1,2,0,1,0,0,0,1,3,0
1262,1976,3,35471,0,7,9,1,0,0,0,1,2,1,0,1,0,0,0,8,3,0
1311,1976,3,49659,1,0,1,1,0,0,0,2,2,2,0,2,0,0,0,1,4,0
256,1976,3,9932,1,0,1,7,0,0,0,1,1,1,0,2,0,0,0,1,5,0
242,1976,3,49659,1,7,1,1,0,0,0,1,2,2,0,3,0,0,0,2,1,0
1693,1976,3,9932,0,8,8,7,0,0,0,2,8,8,0,2,0,0,0,2,2,0
1038,1976,3,63848,1,0,0,4,0,0,0,2,1,2,0,1,0,0,0,1,5,0
1379,1976,2,18445,0,0,0,7,0,0,0,2,1,3,0,3,0,0,0,2,3,0
1063,1976,3,9932,0,0,0,0,0,0,0,2,2,2,0,2,0,0,0,1,3,0
1089,1976,1,18445,1,8,0,7,0,0,0,2,1,2,0,2,0,0,0,1,4,0
1123,1976,3,0,0,8,0,0,0,0,0,2,2,2,0,2,0,0,0,1,6,0
532,1976,5,49659,3,9,9,1,0,0,0,1,1,3,0,2,0,0,0,2,4,0
1142,1976,3,63848,1,0,0,0,0,0,0,2,2,3,0,2,0,0,0,1,2,0
1337,1976,3,90726,1,7,3,1,0,0,0,2,3,3,0,2,0,0,0,1,1,0
427,1976,2,15607,1,7,1,7,0,0,0,2,2,2,0,2,0,0,0,2,5,0
1601,1976,4,90726,1,1,1,7,0,0,0,1,1,1,0,2,0,0,0,2,4,0
580,1976,2,63848,1,0,0,0,0,0,0,2,1,2,0,1,0,0,0,1,4,0
1350,1976,3,15607,2,1,1,7,0,0,0,1,2,2,0,2,0,0,0,1,3,0
359,1976,4,35471,3,1,1,7,0,0,0,1,1,2,0,1,0,0,0,2,1,0
1661,1976,3,12770,3,0,0,7,0,0,0,1,8,1,0,2,0,0,0,1,3,0
463,1976,2,18445,1,0,0,0,0,0,0,2,8,8,0,1,0,0,0,1,2,0
1738,1976,3,21283,0,0,0,0,0,0,0,3,3,3,0,1,0,0,0,1,3,0
1566,1976,3,63848,1,0,1,7,0,0,0,3,1,3,0,1,0,0,0,1,6,0
347,1976,2,5675,1,0,0,0,0,0,0,9,9,9,0,3,0,0,0,1,6,0
146,1976,3,18445,0,0,0,1,0,0,0,1,2,2,0,1,0,0,0,2,2,0
1435,1976,2,15607,0,1,0,0,0,0,0,1,2,8,0,2,0,0,0,2,1,0
108,1976,2,18445,1,0,0,7,0,0,0,1,1,2,0,1,0,0,0,1,2,0
595,1976,4,35471,1,1,7,1,0,0,0,1,2,1,0,2,0,0,0,2,3,0
292,1976,1,15607,0,1,8,7,0,0,0,1,1,2,0,2,0,0,0,2,4,0
1364,1976,1,9932,0,7,0,0,0,0,0,2,3,3,0,2,0,0,0,1,3,0
1613,1976,5,63848,1,3,1,4,0,0,0,1,2,2,0,2,0,0,0,1,5,0
440,1976,2,25539,1,1,1,1,0,0,0,1,3,1,0,1,0,0,0,1,3,0
1141,1976,3,63848,1,0,1,7,0,0,0,1,2,2,0,3,0,0,0,2,4,0
203,1976,2,35471,1,8,8,1,0,0,0,3,2,2,0,2,0,0,0,1,6,0
1456,1976,3,25539,1,0,0,1,0,0,0,1,2,3,0,1,0,0,0,2,3,0
231,1976,2,0,0,0,8,0,0,0,0,2,3,2,0,2,0,0,0,8,3,0
1715,1976,2,63848,3,1,1,1,0,0,0,2,1,2,0,1,0,0,0,1,3,0
188,1976,1,18445,0,7,0,0,0,0,0,2,2,1,0,2,0,0,0,1,3,0
140,1976,3,25539,1,0,1,1,0,0,0,2,3,2,0,2,0,0,0,1,5,0
633,1976,4,90726,3,1,1,3,0,0,0,2,2,3,0,2,0,0,0,1,1,0
1392,1976,2,35471,0,0,0,0,0,0,0,1,3,3,0,3,0,0,0,1,1,0
1006,1976,3,21283,1,1,3,7,0,0,0,9,1,2,0,2,0,0,0,8,5,0
1747,1976,2,18445,4,0,0,7,0,0,0,3,1,2,0,2,0,0,0,1,2,0
663,1976,3,49659,1,0,7,1,0,0,0,2,2,2,0,2,0,0,0,1,3,0
144,1976,8,5675,0,7,1,7,0,0,0,3,3,3,0,2,0,0,0,1,4,0
1455,1976,2,9932,1,7,1,3,0,0,0,2,2,2,0,3,0,0,0,1,4,0
695,1976,2,35471,1,0,7,1,0,0,0,2,2,2,0,2,0,0,0,1,2,0
22,1976,2,12770,0,0,0,7,0,0,0,2,2,2,0,2,0,0,0,1,6,0
1449,1976,3,15607,1,0,0,0,0,0,0,3,9,1,0,2,0,0,0,1,1,0
1369,1976,2,35471,1,0,0,1,0,0,0,2,2,2,0,2,0,0,0,1,4,0
472,1976,3,35471,0,0,0,0,0,0,0,8,2,1,0,1,0,0,0,8,2,0
343,1976,3,90726,1,1,1,2,0,0,0,3,2,3,0,1,0,0,0,1,6,0
1559,1976,3,0,1,0,0,7,0,0,0,2,3,3,0,3,0,0,0,1,3,0
222,1976,3,5675,0,0,0,7,0,0,0,2,1,2,0,3,0,0,0,1,2,0
1732,1976,3,90726,1,0,1,1,0,0,0,2,2,2,0,2,0,0,0,1,2,0
8,1976,2,35471,0,0,0,0,0,0,0,2,2,1,0,1,0,0,0,2,4,0
1094,1976,5,1419,0,0,1,7,0,0,0,3,3,3,0,2,0,0,0,2,2,0
1549,1976,3,63848,1,7,1,3,0,0,0,2,1,2,0,1,0,0,0,1,4,0
1116,1976,4,49659,4,4,4,7,0,0,0,2,2,3,0,2,0,0,0,2,5,0
527,1976,3,49659,1,0,8,2,0,0,0,2,1,3,0,1,0,0,0,1,3,0
85,1976,2,49659,1,0,0,1,0,0,0,2,2,2,0,2,0,0,0,1,5,0
1270,1976,3,9932,0,0,0,7,0,0,0,1,1,2,0,3,0,0,0,2,6,0
11,1976,1,90726,0,7,0,7,0,0,0,2,1,2,0,2,0,0,0,2,4,0
1025,1976,3,49659,0,0,0,1,0,0,0,1,1,2,0,1,0,0,0,1,1,0
1689,1976,3,0,1,0,0,1,0,0,0,3,2,3,0,2,0,0,0,1,3,0
1269,1976,4,15607,0,0,0,0,0,0,0,1,3,2,0,1,0,0,0,1,4,0
316,1976,4,90726,4,3,1,2,0,0,0,2,1,2,0,1,0,0,0,1,5,0
1357,1976,3,35471,0,8,8,0,0,0,0,3,2,2,0,2,0,0,0,1,3,0
1643,1976,2,15607,0,0,8,0,0,0,0,1,2,1,0,1,0,0,0,1,2,0
1393,1976,2,12770,0,0,0,0,0,0,0,3,3,2,0,3,0,0,0,1,2,0
293,1976,2,18445,0,8,0,2,0,0,0,1,1,2,0,3,0,0,0,1,6,0
3,1976,3,90726,3,1,1,1,0,0,0,2,2,2,0,1,0,0,0,1,5,0
704,1976,3,49659,1,0,0,1,0,0,0,2,2,2,0,2,0,0,0,2,1,0
363,1976,4,90726,3,1,1,1,0,0,0,3,3,3,0,2,0,0,0,1,6,0
1030,1976,2,90726,1,0,0,1,0,0,0,1,1,2,0,2,0,0,0,1,4,0
628,1976,1,5675,0,7,0,7,0,0,0,3,3,2,0,2,0,0,0,1,2,0
645,1976,3,21283,0,1,1,1,0,0,0,2,1,2,0,1,0,0,0,1,1,0
571,1976,3,25539,1,1,1,1,0,0,0,2,1,3,0,3,0,0,0,1,6,0
1739,1976,3,35471,0,0,0,0,0,0,0,8,8,8,0,1,0,0,0,8,2,0
1291,1976,3,63848,1,1,1,7,0,0,0,2,2,2,0,2,0,0,0,1,4,0
1725,1976,2,35471,1,1,1,1,0,0,0,1,3,1,0,1,0,0,0,2,2,0
588,1976,3,90726,1,0,1,1,0,0,0,2,2,3,0,1,0,0,0,1,3,0
1082,1976,4,63848,3,3,8,1,0,0,0,1,2,3,0,1,0,0,0,1,6,0
1252,1976,4,90726,3,1,1,1,0,0,0,3,2,2,0,2,0,0,0,1,6,0
106,1976,1,5675,0,7,0,7,0,0,0,2,2,2,0,1,0,0,0,2,2,0
505,1976,2,35471,0,8,8,0,0,0,0,2,1,1,0,1,0,0,0,1,2,0
738,1976,3,25539,0,0,0,0,0,0,0,2,2,2,0,1,0,0,0,1,2,0
1665,1976,4,9932,1,0,0,7,0,0,0,2,3,3,0,2,0,0,0,2,5,0
1628,1976,3,63848,1,0,0,1,0,0,0,1,1,1,0,1,0,0,0,1,2,0
554,1976,4,25539,1,1,1,7,0,0,0,1,2,2,0,2,0,0,0,1,3,0
599,1980,2,46714,1,0,0,0,0,0,0,2,2,3,0,3,0,2,1,2,1,0
271,1980,3,24731,0,0,8,0,0,0,0,3,3,3,0,1,0,7,8,1,6,0
1307,1980,3,24731,1,0,1,7,0,0,0,2,1,2,0,1,0,4,2,9,3,0
866,1980,4,0,1,0,1,1,0,0,0,2,1,2,0,2,0,3,2,2,3,0
234,1980,3,0,1,0,0,0,0,0,0,2,2,2,0,2,0,3,8,1,2,0
718,1980,3,4397,0,0,0,7,0,0,0,8,8,8,0,2,0,8,8,2,2,0
1286,1980,3,35722,1,0,0,1,0,0,0,2,1,2,0,2,0,2,1,1,1,0
994,1980,2,46714,3,1,3,3,0,0,0,3,1,2,0,1,0,7,1,1,4,0
919,1980,3,52209,1,3,7,1,0,0,0,2,2,2,0,1,0,4,1,1,5,0
451,1980,3,41218,1,4,3,7,0,0,0,3,2,2,0,1,0,3,2,1,3,0
525,1980,3,7694,0,0,0,7,0,0,0,3,1,2,0,2,0,3,2,2,2,0
429,1980,4,24731,1,7,1,7,0,0,0,2,2,3,0,2,0,5,1,1,6,0
238,1980,4,0,2,2,1,3,0,0,0,2,2,3,0,2,0,5,2,1,1,0
1031,1980,3,24731,1,1,1,1,0,0,0,2,2,3,0,2,0,7,2,1,4,0
1106,1980,4,1099,1,8,1,1,0,0,0,1,2,2,0,1,0,3,2,1,6,0
328,1980,2,82436,1,0,0,7,0,0,0,2,2,2,0,2,0,5,1,2,3,0
972,1980,3,82436,0,0,0,7,0,0,0,1,2,2,0,2,0,1,2,1,2,0
147,1980,3,30226,0,0,0,1,0,0,0,2,1,2,0,2,0,1,2,1,2,0
847,1980,8,0,0,7,7,1,0,0,0,2,2,2,0,1,0,4,8,8,4,0
487,1980,3,24731,0,7,0,1,0,0,0,2,3,3,0,2,0,1,1,1,1,0
277,1980,3,41218,0,1,1,7,0,0,0,1,1,3,0,2,0,4,1,1,4,0
1383,1980,3,82436,1,0,1,3,0,0,0,1,1,2,0,1,0,5,1,1,1,0
743,1980,1,14289,0,0,0,0,0,0,0,2,3,2,0,1,0,1,2,1,2,0
1098,1980,3,24731,1,8,0,7,0,0,0,3,2,2,0,2,0,1,8,1,3,0
749,1980,3,4397,0,0,7,7,0,0,0,2,2,2,0,2,0,4,1,2,2,0
548,1980,4,41218,1,1,1,1,0,0,0,1,2,2,0,2,0,6,2,1,1,0
175,1980,3,82436,1,0,0,1,0,0,0,2,2,2,0,2,0,3,2,1,1,0
221,1980,3,0,1,8,1,7,0,0,0,1,1,1,0,2,0,3,1,2,3,0
1288,1980,4,4397,1,0,0,7,0,0,0,1,2,2,0,2,0,6,2,8,3,0
344,1980,4,148197,0,1,1,0,0,0,0,8,2,3,0,2,0,1,2,1,1,0
282,1980,3,19785,1,1,1,7,0,0,0,1,3,2,0,2,0,3,1,1,3,0
862,1980,2,82436,1,7,8,1,0,0,0,3,2,2,0,2,0,3,2,2,3,0
261,1980,1,9892,0,0,0,7,0,0,0,2,8,2,0,2,0,4,8,1,3,0
63,1980,3,35722,0,0,0,7,0,0,0,2,3,3,0,3,0,2,2,8,5,0
1349,1980,4,0,1,8,8,1,0,0,0,9,3,3,0,8,0,1,2,2,6,0
130,1980,4,41218,1,0,0,3,0,0,0,2,2,2,0,1,0,4,2,2,5,0
1188,1980,4,41218,1,7,1,7,0,0,0,1,1,2,0,2,0,7,1,1,6,0
419,1980,2,46714,1,1,1,1,0,0,0,3,2,2,0,2,0,7,1,1,3,0
1329,1980,3,82436,1,1,1,1,0,0,0,2,3,3,0,2,0,7,1,1,2,0
815,1980,3,4397,0,0,0,7,0,0,0,8,8,8,0,2,0,8,8,1,6,0
162,1980,3,0,1,0,0,1,0,0,0,2,3,2,0,2,0,7,1,1,6,0
146,1980,3,82436,1,1,0,0,0,0,0,2,2,2,0,1,0,2,2,1,2,0
725,1980,1,46714,0,0,0,0,0,0,0,8,2,2,0,1,0,4,2,1,3,0
904,1980,3,46714,1,0,1,7,0,0,0,1,1,2,0,2,0,5,1,1,6,0
1063,1980,3,1099,0,8,0,7,0,0,0,2,1,8,0,2,0,3,1,9,1,0
311,1980,3,0,0,8,8,1,0,0,0,2,2,2,0,1,0,1,8,2,3,0
895,1980,4,82436,4,3,1,4,0,0,0,2,1,2,0,1,0,2,2,1,4,0
280,1980,4,46714,3,3,1,1,0,0,0,1,2,3,0,2,0,3,1,2,5,0
885,1980,3,30226,1,7,1,7,0,0,0,2,1,2,0,2,0,3,2,2,4,0
606,1980,3,41218,1,1,1,7,0,0,0,2,2,2,0,2,0,1,2,2,3,0
801,1980,3,14289,1,0,0,7,0,0,0,1,3,3,0,1,0,7,2,1,6,0
565,1980,3,82436,1,0,8,1,0,0,0,3,1,1,0,2,0,5,2,1,1,0
1044,1980,3,4397,0,0,0,0,0,0,0,2,2,2,0,2,0,2,2,2,3,0
1368,1980,4,19785,1,1,1,7,0,0,0,2,8,8,0,2,0,4,1,1,5,0
1328,1980,4,16487,0,0,0,0,0,0,0,1,2,2,0,2,0,4,2,2,2,0
109,1980,3,30226,1,0,0,7,0,0,0,2,2,3,0,2,0,1,2,1,3,0
1234,1980,3,41218,1,0,3,1,0,0,0,2,2,2,0,1,0,2,2,1,3,0
378,1980,3,41218,1,0,0,1,0,0,0,3,3,3,0,1,0,7,2,1,2,0
766,1980,2,82436,3,0,0,4,0,0,0,2,1,3,0,1,0,1,2,1,6,0
161,1980,3,0,1,0,0,1,0,0,0,2,1,3,0,1,0,7,8,1,6,0
1291,1980,3,52209,1,1,1,1,0,0,0,2,2,2,0,2,0,4,2,1,3,0
1226,1980,3,46714,3,0,0,1,0,0,0,1,1,2,0,2,0,2,2,1,3,0
1453,1980,2,52209,1,0,0,0,0,0,0,2,3,3,0,2,0,6,1,1,2,0
375,1980,3,24731,1,1,1,1,0,0,0,2,2,2,0,1,0,5,1,2,3,0
707,1980,2,24731,0,0,0,0,0,0,0,2,3,3,0,1,0,7,2,2,2,0
939,1980,8,46714,1,1,1,7,0,0,0,3,3,3,0,2,0,4,2,2,3,0
1128,1980,4,82436,0,0,0,0,0,0,0,2,3,3,0,1,0,2,8,1,2,0
1236,1980,3,19785,4,4,1,7,0,0,0,2,2,2,0,2,0,3,1,2,3,0
1227,1980,4,0,1,0,0,0,0,0,0,2,2,2,0,2,0,1,2,1,1,0
1375,1980,4,30226,1,1,3,1,0,0,0,2,1,2,0,2,0,2,1,1,2,0
46,1980,2,24731,1,1,1,7,0,0,0,2,2,3,0,2,0,3,1,2,3,0
982,1980,3,19785,0,7,8,0,0,0,0,2,2,2,0,2,0,1,1,2,2,0
1179,1980,3,82436,1,0,0,7,0,0,0,3,2,2,0,2,0,1,1,1,3,0
689,1980,3,0,1,8,0,0,0,0,0,3,2,2,0,1,0,6,1,1,2,0
1220,1980,4,52209,1,1,1,1,0,0,0,3,2,3,0,1,0,3,1,2,4,0
1443,1980,2,35722,0,0,0,1,0,0,0,2,2,2,0,1,0,7,2,1,3,0
437,1980,4,82436,4,3,0,3,0,0,0,2,2,2,0,1,0,7,2,1,6,0
1137,1980,2,46714,1,7,0,4,0,0,0,2,2,1,0,2,0,7,2,8,3,0
778,1980,3,148197,3,8,3,4,0,0,0,2,2,2,0,1,0,7,1,1,3,0
538,1980,2,35722,3,1,0,7,0,0,0,2,1,3,0,2,0,5,1,1,3,0
831,1980,3,0,1,1,0,7,0,0,0,3,3,3,0,2,0,2,1,1,6,0
50,1980,8,4397,0,7,7,7,0,0,0,3,2,3,0,1,0,7,2,8,3,0
980,1980,1,14289,0,0,0,1,0,0,0,2,1,1,0,2,0,4,1,1,2,0
303,1980,3,0,0,0,0,0,0,0,0,2,3,2,0,1,0,4,1,1,2,0
1390,1980,3,35722,3,1,1,1,0,0,0,3,2,2,0,1,0,5,2,1,2,0
1082,1980,3,30226,1,0,0,1,0,0,0,1,1,2,0,1,0,1,1,1,5,0
133,1980,3,35722,1,1,1,7,0,0,0,1,2,3,0,3,0,1,1,1,6,0
955,1980,2,46714,1,0,0,1,0,0,0,2,3,2,0,1,0,5,2,1,3,0
524,1980,3,41218,1,0,0,0,0,0,0,1,2,2,0,2,0,4,8,1,1,0
608,1980,2,35722,0,7,0,3,0,0,0,1,1,1,0,2,0,4,2,8,3,0
696,1980,3,82436,1,0,0,7,0,0,0,1,2,1,0,2,0,4,2,1,1,0
1414,1980,2,30226,1,7,0,7,0,0,0,2,2,2,0,2,0,4,2,1,3,0
934,1980,4,82436,1,0,0,1,0,0,0,2,3,3,0,1,0,4,2,1,3,0
1055,1980,3,41218,2,1,1,1,0,0,0,2,2,2,0,1,0,5,2,1,3,0
999,1980,3,82436,4,0,0,7,0,0,0,2,2,2,0,2,0,4,2,2,3,0
859,1980,3,82436,0,0,0,1,0,0,0,3,3,3,0,2,0,1,1,1,3,0
932,1980,2,7694,0,7,0,7,0,0,0,1,8,8,0,2,0,4,8,2,3,0
199,1980,2,148197,4,1,1,4,0,0,0,2,2,2,0,1,0,7,1,1,4,0
296,1980,2,19785,0,0,0,0,0,0,0,1,8,8,0,3,0,2,2,8,1,0
1078,1980,3,35722,1,0,0,7,0,0,0,2,2,2,0,2,0,3,2,1,5,0
463,1980,3,52209,1,1,0,1,0,0,0,2,2,2,0,2,0,4,1,2,3,0
1347,1980,3,41218,1,0,1,1,0,0,0,1,1,1,0,2,0,7,2,1,6,0
1380,1980,2,82436,1,9,9,1,0,0,0,1,1,2,0,2,0,5,1,8,3,0
1313,1980,2,16487,1,0,1,1,0,0,0,2,2,2,0,2,0,4,1,1,3,0
214,1980,3,82436,1,0,1,3,0,0,0,2,1,2,0,1,0,3,2,2,3,0
13,1980,2,41218,1,0,0,1,0,0,0,1,2,3,0,3,0,7,8,1,4,0
424,1980,3,52209,1,1,1,1,0,0,0,3,2,2,0,2,0,7,1,1,3,0
579,1980,4,82436,0,0,0,0,0,0,0,2,1,2,0,1,0,1,2,1,3,0
1050,1980,2,82436,1,0,0,1,0,0,0,2,2,3,0,2,0,7,1,1,2,0
1105,1980,2,16487,0,0,0,7,0,0,0,8,1,8,0,1,0,1,1,1,2,0
86,1980,3,82436,3,8,0,7,0,0,0,2,2,2,0,2,0,2,1,1,6,0
1326,1980,3,12091,0,0,8,0,0,0,0,2,2,3,0,1,0,3,2,2,4,0
167,1980,3,52209,1,0,0,7,0,0,0,3,1,2,0,2,0,1,1,1,2,0
564,1980,2,12091,0,0,0,7,0,0,0,1,8,8,0,2,0,3,2,1,2,0
944,1980,3,41218,1,7,8,0,0,0,0,2,2,2,0,2,0,4,2,1,3,0
278,1980,4,52209,1,1,1,7,0,0,0,2,2,2,0,2,0,2,2,1,3,0
519,1980,3,0,1,0,0,1,0,0,0,2,2,2,0,2,0,6,2,1,3,0
40,1980,3,82436,1,8,7,1,0,0,0,2,3,3,0,3,0,5,2,1,6,0
259,1980,2,4397,1,7,1,7,0,0,0,2,3,2,0,3,0,2,1,2,4,0
541,1980,3,82436,1,1,0,3,0,0,0,3,1,2,0,1,0,4,2,1,2,0
634,1980,3,24731,0,0,0,0,0,0,0,2,8,3,0,3,0,3,2,2,2,0
1258,1980,3,16487,1,0,0,1,0,0,0,3,3,2,0,1,0,4,2,2,4,0
125,1980,3,46714,1,0,1,1,0,0,0,3,3,3,0,2,0,4,2,1,4,0
165,1980,3,52209,1,0,0,1,0,0,0,2,2,2,0,2,0,5,2,1,5,0
535,1980,9,82436,3,1,0,4,0,0,0,2,2,3,0,1,0,4,1,2,1,0
486,1980,2,14289,1,1,1,7,0,0,0,1,2,3,0,3,0,5,1,1,3,0
1042,1980,2,12091,0,0,0,7,0,0,0,1,2,2,0,3,0,1,2,2,1,0
502,1980,3,7694,1,0,0,7,0,0,0,2,2,2,0,2,0,4,8,8,2,0
1084,1980,3,24731,4,7,1,7,0,0,0,2,2,2,0,2,0,3,2,2,4,0
652,1980,3,30226,1,0,9,7,0,0,0,2,2,3,0,2,0,5,2,1,3,0
367,1980,3,46714,1,0,0,1,0,0,0,1,3,3,0,3,0,1,1,1,3,0
1059,1980,3,41218,1,0,0,0,0,0,0,2,2,2,0,1,0,1,2,1,2,0
694,1980,3,4397,1,0,0,7,0,0,0,2,3,2,0,1,0,3,2,1,2,0
137,1980,2,82436,1,7,1,1,0,0,0,3,2,3,0,1,0,1,2,2,5,0
428,1980,4,82436,4,1,4,1,0,0,0,2,2,3,0,2,0,5,1,2,4,0
82,1980,1,148197,1,7,0,4,0,0,0,2,2,2,0,1,0,7,2,1,3,0
560,1980,3,41218,2,0,1,7,0,0,0,2,1,2,0,2,0,3,2,2,1,0
400,1980,2,82436,1,1,1,2,0,0,0,2,2,2,0,2,0,4,1,2,6,0
594,1980,2,12091,0,7,0,0,0,0,0,3,3,3,0,3,0,2,1,1,3,0
957,1980,3,0,1,1,1,7,0,0,0,1,1,1,0,1,0,7,2,1,6,0
1207,1980,4,82436,1,1,1,7,0,0,0,1,2,3,0,2,0,4,1,2,3,0
1151,1980,2,35722,0,7,1,7,0,0,0,1,2,1,0,3,0,6,2,1,6,0
645,1980,1,19785,0,7,0,7,0,0,0,1,2,2,0,3,0,4,2,1,3,0
995,1980,4,82436,4,4,1,4,0,0,0,2,2,3,0,2,0,6,2,1,3,0
893,1980,4,82436,1,0,1,1,0,0,0,2,3,3,0,2,0,1,1,1,5,0
1409,1980,2,0,0,8,0,1,0,0,0,2,2,3,0,2,0,6,2,1,1,0
1010,1980,4,14289,0,0,0,7,0,0,0,3,3,3,0,2,0,7,2,2,2,0
679,1980,3,9892,0,0,0,7,0,0,0,2,2,2,0,1,0,4,2,8,3,0
887,1980,3,82436,1,1,1,7,0,0,0,2,1,2,0,2,0,5,1,1,3,0
991,1980,2,41218,1,1,0,1,0,0,0,2,1,2,0,2,0,2,2,1,4,0
1312,1984,2,0,1,0,0,1,0,0,0,2,2,2,0,1,1,4,1,1,6,1
1095,1984,9,18455,1,0,8,7,0,0,0,1,1,1,0,2,0,4,1,1,3,0
1065,1984,3,30758,3,7,3,3,0,0,0,0,0,0,0,2,0,3,2,2,3,0
158,1984,3,18455,1,1,0,7,0,0,0,2,1,2,0,3,2,3,1,1,1,1
97,1984,2,49213,4,1,3,1,0,0,0,2,1,2,0,2,0,7,1,1,6,0
465,1984,3,30758,1,1,7,1,0,0,0,0,0,0,0,2,0,3,1,1,1,0
669,1984,4,110217,3,4,3,7,0,0,0,2,2,2,0,9,0,7,1,1,6,0
722,1984,2,7382,1,7,0,7,0,0,0,2,2,2,0,2,2,1,2,2,6,1
718,1984,3,10663,0,0,0,0,0,0,0,0,0,0,0,1,0,3,2,1,4,0
1220,1984,3,22556,1,7,0,7,0,0,0,1,2,2,0,9,1,7,2,1,3,2
970,1984,3,18455,0,8,7,7,0,0,0,3,2,3,0,2,2,3,2,1,3,8
38,1984,3,110217,1,1,1,7,0,0,0,1,2,3,0,3,0,5,1,1,5,0
369,1984,3,69718,1,0,1,7,0,0,0,0,0,0,0,2,0,2,2,1,5,0
1380,1984,2,69718,0,8,0,7,0,0,0,3,2,2,0,2,1,4,1,8,2,1
986,1984,3,18455,1,1,1,7,0,0,0,2,3,2,0,1,0,6,1,1,3,0
1140,1984,3,69718,1,0,0,1,0,0,0,3,3,3,0,2,0,5,2,1,1,0
1376,1984,2,3281,0,7,0,7,0,0,0,0,0,0,0,3,0,1,2,2,6,0
1342,1984,3,820,0,8,0,7,0,0,0,3,2,3,0,2,3,1,1,1,2,2
1369,1984,3,3281,0,0,0,7,0,0,0,0,0,0,0,2,0,2,2,2,2,0
514,1984,4,18455,1,0,1,1,0,0,0,2,1,2,0,2,0,5,2,2,5,0
159,1984,3,49213,1,1,0,1,0,0,0,3,2,2,0,1,0,7,1,1,1,0
984,1984,4,69718,1,0,1,0,0,0,0,2,3,2,0,2,0,7,1,1,5,0
9,1984,3,0,0,7,8,7,0,0,0,2,1,1,0,3,2,1,1,1,6,1
544,1984,3,9022,0,0,1,7,0,0,0,3,2,3,0,3,2,2,2,1,5,2
387,1984,2,49213,4,0,0,7,0,0,0,2,2,3,0,2,0,6,2,1,4,0
917,1984,3,38960,3,3,1,3,0,0,0,2,1,2,0,2,1,2,2,1,3,1
818,1984,3,110217,3,1,1,3,0,0,0,2,2,2,0,2,1,5,1,1,3,1
559,1984,3,38960,1,0,0,1,0,0,0,2,2,2,0,2,0,5,2,2,3,0
712,1984,2,22556,1,0,0,1,0,0,0,2,2,2,0,2,1,1,2,1,2,1
695,1984,1,22556,1,0,0,7,0,0,0,0,0,0,0,2,0,1,2,2,2,0
1445,1984,2,49213,1,0,0,1,0,0,0,0,0,0,0,3,0,6,2,1,2,0
929,1984,3,49213,3,1,1,7,0,0,0,0,0,0,0,1,0,3,1,1,5,0
216,1984,3,22556,0,1,1,7,0,0,0,0,0,0,0,2,0,2,2,1,3,0
1014,1984,3,26657,1,1,1,7,0,0,0,0,0,0,0,2,0,7,1,1,3,0
177,1984,1,12303,0,0,1,1,0,0,0,0,0,0,0,3,0,4,1,2,6,0
302,1984,3,110217,4,0,0,4,0,0,0,3,2,2,0,2,1,4,8,1,6,2
183,1984,1,49213,0,7,1,7,0,0,0,2,2,2,0,1,2,3,2,2,1,3
1083,1984,3,9022,0,0,0,7,0,0,0,0,0,0,0,1,0,7,1,1,5,0
1465,1984,2,26657,1,0,0,0,0,0,0,2,1,2,0,2,0,2,1,1,3,0
969,1984,3,26657,1,0,0,0,0,0,0,2,1,2,0,3,0,5,2,1,6,0
272,1984,3,18455,1,7,0,7,0,0,0,0,0,0,0,1,0,4,2,8,4,0
489,1984,3,49213,1,8,1,4,0,0,0,2,2,3,0,2,1,7,2,1,4,1
421,1984,3,3281,0,8,8,7,0,0,0,2,2,3,0,1,2,2,2,2,4,2
1186,1984,3,38960,1,0,0,1,0,0,0,2,1,2,0,1,0,2,2,1,3,0
456,1984,3,38960,3,1,1,7,0,0,0,1,1,2,0,1,1,7,1,1,3,1
375,1984,3,12303,0,8,8,0,0,0,0,2,3,2,0,3,0,1,2,1,6,0
449,1984,1,0,1,7,8,7,0,0,0,0,0,0,0,2,0,4,2,1,6,0
443,1984,2,38960,1,0,1,7,0,0,0,1,1,2,0,2,1,4,2,2,3,1
296,1984,2,49213,1,1,0,1,0,0,0,1,2,1,0,1,1,2,2,1,3,2
1310,1984,2,0,1,1,1,1,0,0,0,3,2,2,0,1,3,7,1,1,3,2
1290,1984,2,18455,1,1,1,1,0,0,0,0,0,0,0,1,0,4,2,1,6,0
977,1984,8,110217,3,7,7,1,0,0,0,2,1,2,0,2,2,2,1,8,2,1
558,1984,3,10663,0,0,0,0,0,0,0,2,2,2,0,2,1,1,2,1,2,2
909,1984,3,69718,4,3,7,4,0,0,0,0,0,0,0,1,0,7,1,1,6,0
1147,1984,2,49213,1,0,1,1,0,0,0,2,2,2,0,1,2,1,2,1,2,1
1275,1984,2,38960,1,7,0,1,0,0,0,0,0,0,0,2,0,4,2,2,2,0
321,1984,2,9022,0,0,0,0,0,0,0,0,0,0,0,2,0,4,1,1,2,0
873,1984,3,22556,1,8,8,7,0,0,0,1,2,2,0,2,0,5,2,1,4,0
980,1984,3,69718,0,0,0,1,0,0,0,0,0,0,0,2,0,1,8,1,4,0
1377,1984,3,30758,1,0,0,7,0,0,0,3,2,3,0,2,0,2,2,1,2,0
684,1984,4,69718,3,7,3,4,0,0,0,2,2,2,0,1,1,5,1,8,6,1
813,1984,2,69718,0,0,0,1,0,0,0,0,0,0,0,2,0,1,2,1,2,0
1340,1984,3,7382,0,0,0,7,0,0,0,0,0,0,0,3,0,1,2,1,2,0
1021,1984,3,34859,3,0,0,4,0,0,0,3,2,3,0,3,1,5,1,1,3,1
1440,1984,3,38960,0,0,0,0,0,0,0,2,1,2,0,1,0,5,2,1,2,0
427,1984,3,69718,1,0,1,1,0,0,0,2,1,2,0,2,2,4,2,2,2,2
882,1984,2,49213,0,7,8,1,0,0,0,1,2,2,0,2,0,4,2,2,5,0
938,1984,2,12303,1,7,7,7,0,0,0,3,1,2,0,2,0,5,1,1,2,0
323,1984,3,49213,1,1,1,1,0,0,0,2,2,2,0,2,0,2,1,1,5,0
794,1984,2,34859,1,0,0,7,0,0,0,0,0,0,0,3,0,1,2,2,2,0
44,1984,3,69718,1,1,1,1,0,0,0,3,8,8,0,2,1,7,2,1,3,1
166,1984,3,49213,0,0,0,0,0,0,0,2,3,2,0,1,1,5,2,1,3,1
42,1984,4,38960,1,1,1,1,0,0,0,0,0,0,0,2,0,6,2,1,6,0
701,1984,2,9022,0,7,0,7,0,0,0,0,0,0,0,3,0,2,1,2,4,0
952,1984,5,110217,4,4,3,7,0,0,0,2,1,2,0,1,0,7,1,1,5,0
1405,1984,2,22556,0,0,0,0,0,0,0,2,1,2,0,1,2,5,2,2,2,1
687,1984,4,49213,4,4,4,3,0,0,0,0,0,0,0,2,0,3,9,1,3,0
1001,1984,3,22556,1,0,0,1,0,0,0,2,2,2,0,3,0,5,2,2,3,0
261,1984,1,38960,4,1,0,7,0,0,0,2,8,2,0,3,1,5,2,1,3,1
200,1984,4,69718,3,3,1,3,0,0,0,2,8,8,0,1,0,2,2,1,6,0
1299,1984,3,69718,4,1,1,3,0,0,0,0,0,0,0,1,0,6,2,1,2,0
1075,1984,2,110217,1,0,0,3,0,0,0,2,1,2,0,2,0,2,1,2,5,0
1026,1984,3,30758,2,0,0,1,0,0,0,0,0,0,0,2,0,7,2,8,3,0
1052,1984,4,69718,1,0,1,4,0,0,0,0,0,0,0,1,0,7,2,1,6,0
479,1984,2,34859,3,0,1,7,0,0,0,0,0,0,0,2,0,2,1,1,3,0
1150,1984,3,38960,1,0,0,1,0,0,0,1,2,3,0,1,9,1,1,1,2,1
990,1984,3,22556,0,0,0,7,0,0,0,3,2,3,0,3,0,1,1,1,1,0
345,1984,3,0,1,7,1,7,0,0,0,3,2,2,0,2,2,4,2,1,3,1
769,1984,3,69718,1,3,1,1,0,0,0,0,0,0,0,2,0,7,2,1,3,0
367,1984,9,0,1,9,9,7,0,0,0,2,2,2,0,2,0,3,2,1,9,0
393,1984,4,34859,1,3,3,7,0,0,0,0,0,0,0,2,0,3,1,1,5,0
1262,1984,2,34859,0,0,0,7,0,0,0,0,0,0,0,1,0,4,1,1,2,0
727,1984,2,49213,1,7,0,7,0,0,0,3,1,2,0,2,1,7,1,1,6,1
675,1984,1,10663,0,0,0,0,0,0,0,2,2,2,0,2,0,4,2,1,1,0
1122,1984,1,34859,0,0,0,7,0,0,0,2,1,1,0,1,1,1,2,8,2,1
922,1984,3,30758,0,1,1,1,0,0,0,3,2,2,0,1,1,3,1,1,5,1
1055,1984,2,26657,1,0,8,1,0,0,0,2,1,1,0,2,1,5,2,1,2,1
317,1984,3,69718,1,0,1,1,0,0,0,2,1,2,0,1,0,7,1,1,6,0
871,1984,3,49213,1,0,1,7,0,0,0,1,1,2,0,2,1,4,2,1,3,2
799,1984,2,0,1,0,0,7,0,0,0,0,0,0,0,2,0,3,1,1,3,0
1160,1984,3,0,0,0,0,7,0,0,0,0,0,0,0,1,0,2,2,2,1,0
157,1984,4,110217,3,4,1,3,0,0,0,0,0,0,0,2,0,7,2,1,1,0
703,1984,3,18455,0,0,0,0,0,0,0,2,3,3,0,1,1,1,8,2,2,1
129,1984,8,38960,0,7,0,0,0,0,0,8,8,8,0,1,3,8,2,2,3,2
518,1984,3,49213,3,1,0,1,0,0,0,2,2,2,0,2,3,6,2,1,6,2
1422,1984,3,3281,0,0,0,7,0,0,0,2,2,2,0,2,2,4,2,2,2,1
490,1984,3,49213,0,8,8,1,0,0,0,0,0,0,0,2,0,4,2,1,6,0
880,1984,3,22556,3,3,1,1,0,0,0,2,1,2,0,1,1,5,1,1,3,1
1170,1984,2,0,1,7,0,0,0,0,0,2,2,2,0,1,2,4,2,8,3,2
1064,1984,3,38960,3,1,1,7,0,0,0,0,0,0,0,2,0,4,1,1,3,0
403,1984,3,820,1,4,4,7,0,0,0,2,1,2,0,3,1,3,2,1,1,1
1216,1984,3,69718,3,1,2,3,0,0,0,0,0,0,0,1,0,4,2,2,2,0
397,1984,3,49213,1,1,2,7,0,0,0,0,0,0,0,2,0,2,2,1,4,0
1040,1984,2,26657,1,0,1,7,0,0,0,0,0,0,0,3,0,6,1,1,5,0
155,1984,3,0,3,0,0,3,0,0,0,2,2,2,0,1,0,3,9,1,5,0
475,1984,3,110217,3,0,0,0,0,0,0,2,2,2,0,1,0,3,1,1,3,0
69,1984,3,18455,1,8,1,7,0,0,0,0,0,0,0,2,0,1,2,1,6,0
1241,1984,3,30758,1,0,0,1,0,0,0,1,2,2,0,3,0,2,1,1,2,0
623,1984,2,18455,0,0,0,0,0,0,0,3,1,1,0,3,2,3,2,2,1,1
1061,1984,4,18455,1,3,0,1,0,0,0,2,2,2,0,2,2,5,2,1,2,1
472,1984,3,38960,3,1,1,3,0,0,0,2,2,2,0,2,0,4,1,1,4,0
106,1984,1,0,1,7,0,3,0,0,0,0,0,0,0,2,0,2,1,1,6,0
949,1984,3,30758,1,1,1,1,0,0,0,0,0,0,0,3,0,2,1,1,6,0
164,1984,3,18455,0,7,0,7,0,0,0,2,8,2,0,2,1,1,1,8,6,1
1417,1984,1,5741,0,0,0,0,0,0,0,0,0,0,0,2,0,2,1,2,3,0
549,1984,3,18455,1,1,1,1,0,0,0,0,0,0,0,2,0,7,1,1,5,0
281,1984,2,12303,0,7,0,7,0,0,0,2,1,2,0,2,8,4,2,2,3,1
12,1984,3,49213,1,0,1,1,0,0,0,3,2,2,0,1,1,6,2,2,6,1
569,1984,4,18455,3,3,1,7,0,0,0,2,2,2,0,3,1,3,2,1,3,1
1208,1984,3,26657,1,1,1,1,0,0,0,0,0,0,0,2,0,4,1,1,3,0
978,1984,1,69718,1,7,8,7,0,0,0,2,8,3,0,3,0,3,1,1,6,0
581,1984,1,26657,1,7,1,7,0,0,0,0,0,0,0,3,0,7,2,1,6,0
476,1984,4,49213,3,4,3,1,0,0,0,2,1,1,0,1,1,3,1,2,3,2
1086,1984,4,49213,1,0,0,7,0,0,0,0,0,0,0,2,0,4,1,1,6,0
1466,1984,2,49213,1,0,1,1,0,0,0,0,0,0,0,2,0,4,2,1,3,0
987,1984,3,12303,1,0,1,7,0,0,0,2,2,2,0,1,1,4,1,2,3,1
1069,1984,4,49213,3,0,3,7,0,0,0,2,1,3,0,2,0,3,1,1,3,0
118,1984,2,30758,2,7,0,7,0,0,0,0,0,0,0,2,0,1,2,1,6,0
619,1984,3,0,1,1,0,1,0,0,0,2,2,3,0,2,0,6,2,1,3,0
1113,1984,3,38960,1,0,0,1,0,0,0,1,1,2,0,2,1,5,2,1,3,2
1024,1984,2,18455,2,1,2,1,0,0,0,0,0,0,0,2,0,4,2,1,3,0
713,1984,3,49213,4,0,0,7,0,0,0,0,0,0,0,2,0,2,1,2,3,0
1199,1984,3,110217,1,0,1,7,0,0,0,2,2,2,0,2,1,2,2,2,3,1
194,1984,2,9022,0,0,1,7,0,0,0,1,1,2,0,2,3,2,2,1,8,1
378,1984,3,22556,2,1,1,7,0,0,0,0,0,0,0,2,0,1,1,8,1,0
23,1984,3,38960,1,7,7,1,0,0,0,0,0,0,0,2,0,2,1,1,6,0
1189,1984,3,26657,1,0,0,0,0,0,0,1,2,3,0,2,0,7,2,1,3,0
973,1984,2,69718,1,1,1,0,0,0,0,2,1,1,0,3,0,1,2,1,1,0
1008,1984,3,49213,3,1,1,7,0,0,0,2,3,3,0,2,2,7,2,1,4,2
803,1984,2,7382,0,7,0,7,0,0,0,9,9,9,0,3,1,1,2,2,2,8
1384,1988,3,6524,0,0,0,0,0,3,2,0,0,0,6,1,0,0,1,1,1,0
69,1988,3,112283,1,4,0,7,0,3,3,2,2,2,4,2,1,6,0,1,4,2
229,1988,4,0,3,4,1,1,0,2,2,3,2,2,2,1,0,4,0,1,3,0
858,1988,2,0,1,0,0,1,0,3,1,0,0,0,6,1,0,0,2,1,1,0
671,1988,2,30806,1,0,0,1,0,2,2,0,0,0,6,2,2,0,2,1,3,1
1360,1988,4,65236,1,0,0,1,0,2,1,1,2,1,6,2,1,1,0,1,3,2
79,1988,2,27182,1,1,1,1,0,3,1,2,2,2,3,1,2,4,0,1,3,2
1476,1988,3,39867,1,1,1,7,0,0,0,2,2,2,4,2,2,4,2,1,3,2
1024,1988,3,47115,1,1,1,7,0,3,3,1,1,2,2,2,1,3,0,1,4,1
1214,1988,2,30806,0,0,0,1,0,0,0,2,8,8,6,1,2,8,2,1,2,2
884,1988,3,0,1,0,0,7,0,0,0,1,1,2,6,3,0,1,2,1,4,0
657,1988,4,65236,4,4,1,7,0,4,2,0,0,0,5,2,1,0,1,1,4,1
1097,1988,3,39867,1,0,0,7,0,4,1,0,0,0,6,1,1,0,1,2,4,1
39,1988,3,112283,1,0,0,0,0,0,0,1,1,2,4,2,2,7,1,1,2,1
489,1988,3,0,1,8,0,7,0,4,2,0,0,0,6,3,0,0,1,2,6,0
155,1988,2,23558,1,7,0,1,0,0,0,2,1,1,6,1,0,6,2,1,5,0
1308,1988,1,16309,1,1,0,1,0,0,0,3,1,1,6,2,0,2,2,1,1,0
630,1988,2,23558,1,0,0,7,0,1,3,2,2,2,6,2,2,4,0,1,1,1
254,1988,3,65236,3,1,1,7,0,3,2,2,2,2,5,2,0,5,0,1,3,0
1239,1988,3,19933,0,7,1,0,0,2,2,0,0,0,6,1,0,0,1,1,2,0
56,1988,3,47115,1,0,0,0,0,0,0,2,2,2,6,1,0,4,1,2,6,0
31,1988,3,34430,1,1,0,7,0,0,0,1,2,1,6,1,0,3,2,2,6,0
245,1988,2,39867,1,1,0,7,0,1,3,2,1,2,5,1,0,1,0,1,4,0
735,1988,3,10873,0,7,0,7,0,0,0,2,1,1,6,2,9,2,2,1,3,1
882,1988,3,6524,0,0,0,7,0,2,3,0,0,0,6,2,1,0,2,8,3,2
1267,1988,4,23558,0,1,0,0,0,3,2,3,1,1,6,1,0,7,0,1,1,0
199,1988,3,19933,3,7,4,7,0,4,2,0,0,0,5,2,1,0,1,2,4,1
430,1988,4,34430,3,1,0,7,0,0,0,1,1,2,5,3,1,4,1,1,3,2
20,1988,8,27182,1,1,0,7,0,3,3,0,0,0,5,3,1,0,2,1,3,1
1417,1988,3,16309,0,0,1,0,0,2,3,0,0,0,6,1,0,0,2,2,1,0
587,1988,4,13047,1,1,0,7,0,0,0,3,1,1,6,2,0,2,1,2,3,0
593,1988,4,39867,1,1,1,1,0,3,2,3,3,2,6,2,1,3,0,1,1,2
883,1988,1,19933,0,0,0,0,0,2,2,2,2,2,6,2,0,7,0,1,3,0
1301,1988,1,2899,1,1,1,7,0,2,2,0,0,0,6,3,1,0,2,2,3,1
179,1988,4,112283,3,3,1,4,0,0,0,1,1,2,3,1,0,6,8,2,5,0
569,1988,3,10873,0,1,1,7,0,3,2,2,2,2,6,3,0,3,0,1,6,0
1441,1988,2,0,0,0,0,7,0,2,2,0,0,0,6,2,8,0,2,1,3,2
95,1988,4,39867,3,4,1,7,0,4,2,1,1,1,5,2,0,2,0,1,3,0
335,1988,2,13047,1,0,1,7,0,0,0,2,3,2,5,2,1,4,2,2,3,1
1451,1988,3,725,1,0,0,7,0,0,0,2,2,2,3,2,0,3,2,1,3,0
823,1988,3,19933,1,1,0,7,0,2,3,2,1,8,5,2,2,1,0,1,4,2
292,1988,4,27182,3,0,1,7,0,0,0,2,1,2,6,2,1,3,2,1,5,2
413,1988,3,112283,4,1,1,4,0,0,0,2,1,3,6,2,1,1,1,2,3,1
236,1988,3,7973,1,3,1,7,0,2,3,0,0,0,6,2,1,0,2,1,3,2
1299,1988,1,7973,0,1,8,7,0,3,1,0,0,0,6,3,1,0,2,2,3,1
567,1988,3,79733,1,0,0,1,0,0,0,1,2,2,6,1,0,4,1,1,2,0
1115,1988,5,39867,3,4,3,3,0,2,3,0,0,0,6,2,1,0,2,1,5,1
675,1988,4,65236,1,0,1,1,0,3,2,1,2,2,6,1,0,3,0,1,2,0
946,1988,2,47115,1,7,1,7,0,3,3,0,0,0,5,2,0,0,2,1,3,0
1355,1988,4,19933,1,0,1,7,0,0,0,2,1,2,6,2,0,3,2,2,2,0
1367,1988,4,65236,0,0,0,0,0,0,0,3,3,3,6,1,0,1,2,1,1,0
1001,1988,8,112283,4,1,1,1,0,1,3,3,1,3,2,2,1,4,0,1,3,8
375,1988,3,23558,3,1,0,3,0,4,1,1,2,2,6,3,0,3,0,8,3,0
130,1988,3,112283,1,1,1,1,0,3,2,2,2,2,6,2,0,5,0,1,4,0
460,1988,3,23558,0,8,8,7,0,0,0,1,2,3,6,2,0,3,2,2,3,0
1263,1988,3,13047,0,0,0,0,0,1,3,0,0,0,4,2,2,0,1,1,2,1
337,1988,2,5074,1,7,0,7,0,4,1,2,2,2,6,2,0,1,0,2,3,0
559,1988,3,65236,1,1,1,1,0,4,1,0,0,0,6,1,1,0,1,2,3,2
112,1988,3,54364,1,8,0,7,0,0,0,2,2,2,1,2,0,4,2,2,6,0
701,1988,2,2899,0,0,0,7,0,0,0,3,2,3,6,2,1,2,2,1,4,1
784,1988,2,30806,1,8,8,1,0,3,1,2,3,2,6,1,0,1,0,1,1,0
1182,1988,1,30806,1,0,0,1,0,3,2,1,2,2,6,1,0,3,0,1,1,0
361,1988,1,34430,0,0,7,1,0,2,4,3,2,2,6,2,0,2,0,8,1,0
984,1988,3,39867,3,0,7,7,0,4,1,0,0,0,5,2,0,0,2,1,3,0
241,1988,3,16309,1,4,2,7,0,0,0,2,1,1,5,2,1,5,2,1,6,1
1232,1988,3,27182,1,1,1,1,0,2,3,3,2,2,6,1,1,3,0,2,3,1
422,1988,3,0,1,3,1,7,0,3,2,0,0,0,6,2,0,0,1,8,3,0
1204,1988,2,6524,0,0,7,7,0,0,0,1,2,2,6,1,2,5,2,1,2,2
542,1988,2,0,1,7,0,7,0,0,0,2,8,2,3,3,2,1,1,1,6,1
1174,1988,1,39867,0,0,0,0,0,1,4,0,0,0,6,1,2,0,2,1,2,2
1342,1988,2,39867,1,0,0,3,0,2,2,2,2,2,6,1,2,3,0,1,2,2
491,1988,3,2899,1,1,1,7,0,4,1,0,0,0,6,2,1,0,2,1,1,1
1,1988,3,112283,3,0,1,4,0,1,2,2,1,2,2,2,1,4,0,1,6,1
70,1988,2,65236,1,0,1,2,0,3,2,0,0,0,5,2,0,0,1,1,6,0
437,1988,3,725,0,8,8,7,0,3,3,0,0,0,6,1,2,0,2,1,6,2
161,1988,3,47115,0,8,1,0,0,2,2,0,0,0,1,1,1,0,2,1,3,2
1183,1988,2,65236,1,0,0,1,0,3,2,0,0,0,2,1,0,0,1,1,1,0
1406,1988,3,65236,3,1,1,1,0,2,3,3,2,3,5,2,1,6,0,1,1,1
15,1988,2,16309,0,7,0,7,0,2,1,1,2,2,6,2,1,2,0,1,5,2
1433,1988,3,19933,1,1,1,7,0,0,0,2,1,2,5,2,0,6,2,1,4,0
1080,1988,2,0,0,7,8,7,0,2,2,0,0,0,6,1,2,0,2,1,3,2
263,1988,4,39867,2,1,1,3,0,3,3,0,0,0,6,1,0,0,2,2,5,0
1186,1988,2,47115,3,1,1,3,0,0,0,2,2,2,6,1,0,3,2,1,2,0
752,1988,2,7973,1,1,0,7,0,0,0,1,1,1,3,9,0,5,1,1,6,0
1418,1988,3,34430,0,0,0,0,0,2,3,2,2,2,4,2,1,3,0,2,2,1
230,1988,3,112283,3,4,3,3,0,2,1,3,1,3,6,2,2,4,0,1,4,2
504,1988,2,27182,1,0,0,0,0,0,0,2,1,2,5,3,1,5,1,2,4,2
42,1988,3,65236,3,1,1,4,0,8,1,9,8,8,6,2,0,6,0,1,6,0
979,1988,1,23558,1,7,8,0,0,2,3,2,1,2,2,2,2,4,0,1,2,3
1363,1988,2,0,1,7,0,1,0,0,0,2,2,2,6,1,1,7,2,1,3,2
620,1988,2,10873,0,0,7,7,0,0,0,2,2,2,6,2,0,3,2,8,2,0
987,1988,2,65236,1,0,0,3,0,3,1,2,2,2,5,1,2,6,0,1,4,1
930,1988,3,65236,0,0,0,1,0,0,0,2,2,3,6,1,1,4,2,2,2,2
1166,1988,1,30806,1,0,0,1,0,0,0,2,2,2,6,2,2,5,2,1,2,2
917,1988,2,19933,1,0,7,7,0,0,0,3,1,2,6,2,3,1,2,1,3,1
1016,1988,3,47115,1,0,1,0,0,3,1,0,0,0,6,1,0,0,2,1,2,0
955,1988,3,30806,1,7,8,1,0,0,0,3,2,2,6,2,0,2,1,1,6,0
842,1988,3,65236,1,0,1,2,0,0,0,2,2,3,6,1,0,5,2,1,3,0
126,1988,3,112283,1,1,1,1,0,2,4,0,0,0,4,2,1,0,2,1,3,1
660,1988,4,34430,1,4,2,7,0,0,0,1,1,2,6,2,0,5,1,2,3,0
1048,1988,3,7973,0,0,0,7,0,2,2,2,1,3,6,1,0,4,0,1,1,0
849,1988,3,19933,1,8,8,1,0,2,3,0,0,0,6,1,2,0,8,1,2,2
48,1988,3,112283,3,1,1,4,0,3,2,0,0,0,6,2,1,0,2,1,5,2
13,1988,3,54364,2,7,1,7,0,3,2,1,2,2,5,2,1,2,0,1,6,1
1100,1988,2,23558,1,0,0,1,0,2,3,2,2,2,3,2,0,1,0,2,5,0
1448,1988,3,112283,1,3,3,7,0,3,2,0,0,0,6,2,1,0,1,8,5,2
850,1988,3,19933,1,0,0,7,0,3,1,0,0,0,6,2,1,0,1,1,3,2
1158,1988,3,39867,1,0,0,7,0,3,2,3,2,1,5,2,0,5,0,1,3,0
409,1988,4,112283,3,3,1,1,0,3,2,2,2,3,5,1,2,7,0,2,4,1
585,1988,2,23558,1,0,0,7,0,4,1,2,2,2,6,3,1,1,0,1,1,2
1396,1988,5,9423,1,3,3,7,0,0,0,2,1,2,6,2,0,7,1,1,5,0
902,1988,3,7973,0,8,7,7,0,2,2,2,2,2,6,2,0,3,0,2,4,0
177,1988,3,27182,1,1,1,1,0,0,0,2,1,2,5,3,0,5,8,1,5,0
281,1988,2,10873,0,9,0,7,0,0,0,3,1,3,6,2,0,3,2,1,6,0
876,1988,2,65236,3,1,1,1,0,0,0,2,1,2,6,2,0,3,8,1,3,0
1199,1988,4,39867,3,0,0,1,0,2,1,0,0,0,6,1,1,0,1,1,2,1
1305,1988,3,27182,0,0,0,1,0,0,0,2,3,3,5,1,1,3,2,1,3,1
705,1988,2,54364,1,0,0,1,0,4,1,1,2,1,6,1,1,5,0,1,4,2
267,1988,5,112283,3,4,3,4,0,4,1,3,2,2,2,1,1,6,0,2,4,1
1286,1988,3,0,0,8,0,0,0,0,0,2,1,2,6,1,0,5,2,1,4,0
681,1988,3,34430,1,1,2,2,0,2,2,0,0,0,6,2,0,0,2,1,3,0
74,1988,3,5074,3,0,7,3,0,4,2,2,2,2,6,1,0,6,0,2,4,0
1320,1988,2,16309,1,0,0,0,0,2,3,2,3,3,5,1,0,1,0,1,3,0
34,1988,3,0,1,0,0,7,0,3,2,0,0,0,6,2,0,0,2,2,4,0
237,1988,2,13047,0,7,0,7,0,0,0,1,8,3,6,2,2,7,1,1,6,2
533,1988,2,7973,0,0,0,7,0,1,3,0,0,0,1,3,1,0,2,2,2,3
479,1988,3,65236,1,0,0,1,0,0,0,2,2,2,6,3,1,7,1,1,2,2
985,1988,4,0,3,1,1,3,0,2,3,0,0,0,6,2,0,0,1,1,1,0
1005,1988,2,112283,4,1,1,4,0,0,0,2,1,3,1,1,0,7,1,1,3,0
578,1988,3,23558,2,0,0,7,0,4,2,2,1,2,5,2,1,5,0,1,4,1
870,1988,2,0,1,0,0,1,0,3,2,8,2,3,6,1,8,7,0,1,3,1
1371,1988,3,39867,1,0,0,7,0,3,3,2,3,3,5,2,2,6,0,1,1,2
505,1988,3,10873,1,7,0,7,0,0,0,1,1,1,5,2,0,3,2,1,2,0
1110,1988,2,13047,0,7,0,0,0,0,0,3,2,2,1,1,0,3,2,1,1,0
72,1988,4,65236,3,3,3,3,0,8,3,2,1,2,6,1,1,5,0,1,5,2
580,1988,4,39867,1,1,1,7,0,4,3,2,2,2,3,2,0,7,0,1,2,0
1059,1988,3,47115,1,0,0,1,0,2,2,2,1,2,6,1,0,3,0,1,6,0
787,1988,3,0,1,0,0,2,0,3,2,3,3,3,6,2,1,4,0,8,6,2
1133,1988,1,39867,1,0,0,1,0,0,0,2,3,3,6,3,1,1,2,1,4,1
1321,1988,3,13047,0,8,8,0,0,2,3,0,0,0,6,3,1,0,2,1,2,1
439,1988,1,30806,1,0,0,7,0,0,0,3,2,2,4,3,2,1,2,1,3,1
382,1988,3,23558,2,3,4,1,0,0,0,2,1,2,6,2,0,4,1,2,5,0
324,1988,2,34430,1,7,1,7,0,8,2,0,0,0,5,1,0,0,1,1,5,0
359,1988,3,23558,1,1,0,1,0,0,0,3,3,3,6,2,0,1,2,2,1,0
1456,1988,3,16309,1,1,1,1,0,4,1,0,0,0,6,2,2,0,2,2,1,1
1031,1988,3,65236,1,3,1,1,0,2,2,3,2,3,6,1,1,7,0,1,3,1
317,1988,2,13047,1,1,1,1,0,0,0,1,1,1,6,1,0,2,2,2,5,0
100,1988,2,47115,3,7,4,7,0,3,1,2,3,3,3,2,1,7,0,1,1,1
918,1988,2,39867,1,8,8,1,0,0,0,3,2,2,6,2,0,1,2,1,3,0
1248,1988,4,27182,1,1,1,7,0,3,2,0,0,0,3,2,0,0,1,1,1,0
830,1993,2,66161,1,0,1,3,0,0,0,2,1,1,6,2,0,5,2,1,6,0
855,1993,3,124614,1,4,1,7,0,3,2,0,0,0,0,2,1,0,2,2,3,1
187,1993,2,6616,0,0,0,7,0,0,0,3,2,2,6,2,0,1,2,1,3,0
948,1993,1,28570,2,0,2,7,0,3,2,2,2,2,6,2,3,4,0,8,6,1
752,1993,1,2406,0,0,0,7,0,2,3,0,0,0,0,2,0,0,8,1,2,0
243,1993,2,54132,2,0,3,3,0,3,2,0,0,0,5,2,0,0,1,2,6,0
308,1993,2,66161,1,0,0,3,0,2,3,2,2,2,6,2,1,1,0,1,3,2
851,1993,4,66161,1,2,1,1,0,4,1,1,2,2,3,2,0,1,0,2,5,0
872,1993,3,39095,1,0,0,7,0,3,2,3,2,3,5,2,1,6,0,1,6,1
171,1993,3,81198,1,1,8,7,0,3,3,0,0,0,3,2,1,0,1,1,3,1
1509,1993,3,16540,0,0,0,0,0,2,3,0,0,0,6,2,0,0,8,1,2,0
1445,1993,2,54132,1,7,1,1,0,3,2,2,1,3,6,1,1,4,0,1,3,1
1128,1993,3,39095,0,8,0,7,0,2,3,0,0,0,6,2,2,0,2,8,3,2
1511,1993,3,33081,1,0,7,7,0,3,3,2,1,2,6,2,0,4,0,8,3,0
1514,1993,3,6616,1,0,0,7,0,3,2,0,0,0,6,3,1,0,2,1,3,1
45,1993,4,54132,1,0,0,7,0,0,0,3,1,3,5,1,1,7,1,1,5,3
194,1993,8,16540,4,4,4,4,0,3,2,2,8,8,8,3,0,6,0,1,6,0
850,1993,5,124614,3,1,1,7,0,4,1,3,2,2,6,1,1,4,0,1,5,1
323,1993,3,25562,0,7,3,7,0,0,0,1,1,2,6,1,1,3,1,2,5,1
66,1993,2,124614,1,1,0,1,0,0,0,1,2,2,5,2,2,2,1,1,6,2
699,1993,4,54132,1,1,0,1,0,3,3,2,3,2,6,1,0,7,0,1,1,0
209,1993,3,45110,3,1,1,7,0,0,0,1,2,2,6,2,1,3,1,8,6,1
143,1993,3,81198,1,1,1,2,0,3,1,0,0,0,6,1,0,0,2,1,3,0
1031,1993,4,81198,1,1,1,1,0,3,2,3,2,3,4,1,2,3,0,1,4,1
521,1993,4,0,3,3,0,7,0,1,1,3,2,3,6,2,0,6,0,2,3,0
489,1993,4,25562,1,3,1,1,0,2,4,2,1,2,6,1,0,2,0,1,4,0
1139,1993,3,81198,1,8,1,2,0,2,2,0,0,0,5,2,0,0,2,1,2,0
478,1993,4,66161,4,3,1,1,0,3,3,2,1,3,3,3,0,3,0,1,5,0
71,1993,3,45110,3,7,1,7,0,3,3,0,0,0,5,2,0,0,1,1,5,0
43,1993,3,66161,4,3,0,1,0,3,1,0,0,0,0,1,0,0,8,1,5,0
537,1993,3,10826,0,0,7,7,0,2,2,2,2,2,6,2,0,5,0,2,3,0
346,1993,3,2406,1,3,7,7,0,2,4,0,0,0,6,1,0,0,2,1,1,0
870,1993,3,54132,0,1,0,1,0,3,2,3,3,2,6,2,1,3,0,2,5,1
35,1993,3,124614,1,0,0,1,0,1,3,2,3,3,1,1,0,7,0,1,3,0
463,1993,3,5413,0,0,0,7,0,0,0,3,8,2,6,2,0,8,2,2,3,0
145,1993,4,124614,1,3,1,4,0,3,2,1,2,2,5,1,1,5,0,1,5,1
562,1993,1,28570,1,8,1,7,0,0,0,3,1,2,1,3,2,4,1,1,6,1
1265,1993,3,6616,1,1,1,7,0,1,4,2,2,3,6,2,0,8,0,1,3,0
595,1993,8,0,0,8,8,7,0,1,8,0,0,0,0,2,8,0,1,8,2,8
1115,1993,3,54132,1,0,1,1,0,4,2,2,1,3,6,2,2,2,0,1,3,1
1037,1993,3,28570,1,7,0,1,0,3,2,0,0,0,6,2,1,0,8,1,3,2
345,1993,3,4210,1,1,3,7,0,0,0,2,1,2,5,2,1,4,1,1,5,2
976,1993,3,124614,4,2,4,4,0,0,0,3,2,2,6,2,0,2,1,2,4,0
1573,1993,2,81198,4,0,0,4,0,2,3,0,0,0,6,2,1,0,2,1,2,2
233,1993,4,124614,3,3,3,3,0,3,1,3,2,2,6,3,1,1,0,1,5,1
1423,1993,3,66161,4,4,1,4,0,0,0,3,1,2,6,1,0,5,1,2,1,0
1167,1993,1,124614,4,4,1,4,0,4,1,0,0,0,6,1,1,0,1,1,6,2
1181,1993,2,66161,1,7,0,1,0,3,2,3,2,3,6,1,0,7,0,1,2,0
718,1993,4,81198,3,4,2,3,0,0,0,3,1,2,5,1,1,6,1,1,3,1
240,1993,4,0,1,1,1,3,0,3,2,2,3,2,4,1,0,4,0,1,4,0
1078,1993,2,124614,1,1,1,1,0,4,1,0,0,0,6,2,1,0,2,1,5,1
436,1993,3,66161,1,0,0,1,0,0,0,3,1,2,6,2,1,7,2,1,2,2
1367,1993,2,39095,1,0,1,0,0,3,3,0,0,0,6,3,2,0,2,1,6,1
383,1993,3,66161,3,0,0,4,0,4,1,2,2,3,6,1,0,7,0,1,2,0
873,1993,3,66161,1,4,1,7,0,3,3,0,0,0,6,2,0,0,1,1,1,0
10,1993,3,13533,4,0,1,7,0,3,2,0,0,0,6,1,1,0,8,9,6,1
86,1993,3,66161,1,0,1,1,0,0,0,2,3,3,3,2,1,7,1,1,5,1
1066,1993,3,22555,0,0,0,7,0,0,0,2,2,3,6,3,0,3,2,1,4,0
1109,1993,2,25562,1,8,8,0,0,3,2,3,1,2,6,3,0,1,0,1,3,0
714,1993,2,25562,0,0,7,7,0,2,3,0,0,0,6,2,2,0,2,1,6,2
150,1993,3,81198,1,7,0,1,0,3,1,3,3,3,6,2,2,4,0,2,3,1
344,1993,4,6616,2,2,2,7,0,3,2,0,0,0,6,2,1,0,1,1,4,1
631,1993,3,22555,1,1,1,1,0,4,3,3,2,3,6,2,0,3,0,1,5,0
477,1993,3,19548,3,3,2,7,0,4,2,0,0,0,5,2,1,0,1,1,4,1
577,1993,3,39095,1,1,1,7,0,2,3,2,2,2,3,3,0,4,0,1,2,0
179,1993,1,66161,1,0,0,1,0,3,2,0,0,0,6,1,1,0,2,1,2,1
999,1993,3,4210,2,0,1,7,0,2,2,8,2,8,5,2,1,4,0,8,4,1
1330,1993,3,39095,1,1,1,1,0,2,3,0,0,0,6,1,0,0,2,1,3,0
1271,1993,1,0,1,0,1,7,0,0,0,2,2,2,3,2,0,8,1,1,5,0
853,1993,4,66161,4,1,1,7,0,3,1,2,2,2,2,2,0,5,0,2,6,0
585,1993,3,45110,2,1,1,2,0,4,2,0,0,0,6,2,0,0,1,8,3,0
40,1993,3,81198,1,2,2,7,0,0,0,3,2,2,0,1,0,5,2,2,6,0
1363,1993,2,39095,1,0,1,1,0,3,1,0,0,0,4,2,3,0,1,1,5,1
450,1993,3,5413,1,0,0,7,0,2,3,0,0,0,6,2,1,0,2,1,2,1
1469,1993,3,28570,1,1,1,3,0,0,0,3,2,3,6,2,0,2,1,1,1,0
1337,1993,3,7819,1,1,2,7,0,2,1,2,2,2,6,2,0,7,0,1,4,0
812,1993,4,81198,4,7,2,7,0,3,2,0,0,0,5,2,0,0,1,1,6,0
667,1993,3,0,1,1,1,7,0,0,0,2,2,3,6,3,0,6,2,1,1,0
120,1993,4,66161,2,0,0,0,0,4,1,3,3,3,6,2,3,5,0,1,4,1
330,1993,3,66161,2,1,1,1,0,3,2,0,0,0,6,2,0,0,1,1,3,0
650,1993,3,66161,1,1,0,1,0,0,0,2,1,2,3,2,0,3,1,8,3,0
88,1993,3,22555,3,0,8,7,0,0,0,3,2,3,6,2,0,6,2,1,5,0
1604,1993,3,54132,3,1,3,3,0,0,0,3,1,2,1,1,0,7,2,1,3,0
554,1993,4,124614,0,4,3,7,0,4,2,0,0,0,6,2,0,0,2,1,5,0
162,1993,4,19548,3,3,3,7,0,0,0,3,1,2,6,2,0,1,2,2,3,0
1214,1993,1,16540,0,0,0,1,0,2,3,1,2,2,6,2,2,4,0,2,3,1
1353,1993,3,10826,1,1,1,7,0,3,3,0,0,0,3,2,1,0,1,1,6,1
689,1993,3,0,0,0,0,0,0,2,2,0,0,0,6,2,0,0,1,2,2,0
589,1993,1,0,1,0,1,1,0,1,2,3,1,3,6,1,2,7,0,1,1,3
1553,1993,4,5413,1,8,8,7,0,2,8,2,2,2,6,2,1,8,0,1,1,3
831,1993,3,66161,1,2,1,7,0,0,0,3,1,2,6,2,0,3,1,1,3,0
1544,1993,3,39095,1,0,0,1,0,3,2,0,0,0,6,2,0,0,2,1,1,0
846,1993,3,33081,1,0,3,7,0,0,0,3,2,2,3,2,1,4,1,2,6,1
204,1993,5,45110,3,3,1,3,0,3,1,3,2,3,3,1,0,2,0,1,6,0
1551,1993,3,13533,1,0,0,0,0,2,2,2,8,3,6,2,2,4,0,2,2,2
1084,1993,1,28570,1,8,8,0,0,3,1,0,0,0,5,2,1,0,2,1,4,1
1429,1993,3,5413,1,0,3,7,0,4,1,0,0,0,3,3,1,0,1,1,3,1
1571,1993,3,81198,1,8,1,7,0,0,0,2,2,3,6,2,0,4,1,1,2,0
1112,1993,3,0,1,8,0,7,0,3,1,2,8,2,6,1,0,1,0,2,6,0
803,1993,2,28570,4,0,0,7,0,3,1,2,2,2,6,1,1,1,0,1,3,1
460,1993,4,0,3,0,2,7,0,2,2,0,0,0,6,1,1,0,2,1,4,1
1412,1993,3,66161,0,0,0,3,0,4,1,3,1,1,3,3,1,1,0,1,3,1
556,1993,3,124614,1,1,1,1,0,2,2,0,0,0,6,2,0,0,8,1,3,0
457,1993,3,25562,1,1,1,1,0,0,0,1,1,2,6,2,0,3,2,1,3,0
1380,1993,3,16540,1,0,1,7,0,2,8,3,2,3,6,2,0,4,0,1,3,0
316,1993,1,10826,1,9,1,7,0,2,2,0,0,0,1,3,0,0,1,1,4,0
180,1993,3,81198,1,0,1,2,0,3,2,3,2,3,6,1,0,5,0,1,2,0
274,1993,1,54132,0,0,0,7,0,4,1,3,2,3,2,1,0,3,0,1,4,0
90,1993,1,22555,1,1,0,0,0,3,3,0,0,0,6,2,0,0,2,1,1,0
20,1993,3,124614,3,0,1,2,0,2,3,2,2,3,5,2,0,3,0,1,5,0
369,1993,1,25562,3,7,8,1,0,0,0,2,2,3,6,2,0,3,2,1,1,0
410,1993,3,124614,1,0,1,2,0,0,0,2,2,2,5,1,2,3,2,1,3,1
684,1993,2,19548,1,1,0,1,0,0,0,3,2,3,6,3,2,7,2,1,2,3
389,1993,2,28570,1,7,0,7,0,1,4,0,0,0,0,2,1,0,2,2,3,1
1209,1993,4,66161,3,3,1,3,0,3,2,0,0,0,5,1,2,0,2,2,5,1
840,1993,2,66161,3,0,1,7,0,3,3,2,1,3,5,2,1,1,0,1,5,2
1321,1993,4,54132,1,1,1,1,0,3,2,2,2,2,2,2,0,1,0,2,4,0
1477,1993,3,25562,0,8,8,1,0,2,3,2,3,2,6,1,1,4,0,1,3,1
1523,1993,2,0,0,0,0,7,0,2,2,2,3,2,6,1,0,2,0,2,2,0
157,1993,4,0,4,4,4,4,0,4,1,0,0,0,5,1,1,0,1,8,5,1
1521,1993,2,601,1,8,0,7,0,0,0,3,3,3,8,3,0,3,2,2,3,0
39,1993,2,39095,0,0,0,1,0,2,3,0,0,0,6,3,1,0,2,1,2,1
399,1993,4,0,1,0,1,7,0,2,2,2,3,2,2,3,1,7,0,1,4,1
1101,1993,3,22555,1,1,1,1,0,0,0,2,2,2,0,2,1,1,1,1,5,1
1248,1993,2,22555,1,0,0,1,0,3,2,3,3,2,6,1,2,1,0,1,2,2
190,1993,4,45110,1,1,1,1,0,2,4,0,0,0,6,1,0,0,1,1,1,0
1073,1993,1,25562,1,7,1,7,0,4,2,0,0,0,3,2,1,0,1,1,6,1
734,1993,2,13533,1,0,0,7,0,0,0,1,2,2,6,2,0,4,2,1,1,0
654,1993,3,54132,1,1,1,1,0,3,2,2,2,2,6,2,0,4,0,2,3,0
29,1993,3,39095,3,1,4,7,0,0,0,2,2,2,5,2,0,3,1,2,4,0
672,1993,3,9022,0,8,7,0,0,1,4,3,2,3,0,1,0,7,0,1,4,0
1442,1993,2,16540,0,0,0,0,0,1,3,0,0,0,9,2,0,0,2,2,3,0
1141,1993,3,66161,1,0,0,1,0,3,1,0,0,0,6,2,0,0,2,1,2,0
334,1993,3,54132,1,1,1,7,0,0,0,2,2,2,6,2,1,4,1,1,2,1
866,1993,1,0,3,3,3,2,0,0,0,2,1,8,0,2,1,6,1,1,6,1
1320,1993,2,7819,0,0,8,1,0,3,2,3,3,3,6,2,1,7,0,1,3,1
836,1993,3,45110,0,0,0,1,0,3,3,0,0,0,6,2,1,0,2,1,6,1
972,1993,3,22555,1,7,0,7,0,0,0,1,1,2,6,2,1,5,2,1,6,9
1297,1993,3,54132,3,1,2,4,0,3,2,0,0,0,6,2,0,0,2,8,3,0
1296,1993,3,54132,3,1,1,1,0,0,0,2,2,3,6,2,2,5,2,1,6,1
241,1993,3,0,3,1,1,3,0,4,2,0,0,0,3,2,9,0,8,1,4,9
1432,1993,3,54132,3,0,0,1,0,3,3,2,1,3,6,2,0,6,0,1,1,0
1428,1993,3,16540,0,1,1,7,0,3,2,2,2,2,6,1,1,1,0,2,4,2
349,1993,3,81198,1,1,1,1,0,3,2,2,2,2,5,2,0,2,0,1,1,0
674,1993,1,10826,0,0,0,0,0,2,3,0,0,0,6,3,0,0,2,2,1,0
1424,1993,2,601,1,0,1,7,0,0,0,2,2,3,0,2,0,3,2,1,3,0
960,1993,3,124614,1,7,0,7,0,2,1,0,0,0,6,2,2,0,2,2,1,1
470,1993,2,7819,0,7,0,7,0,2,3,0,0,0,6,3,9,0,2,2,6,9
746,1993,3,7819,0,0,0,7,0,0,0,2,2,2,6,2,2,2,2,2,2,2
153,1993,5,6616,1,1,1,7,0,0,0,1,1,1,6,1,0,7,1,1,2,0
2156,1996,-1,0,1,7,8,7,1,3,3,0,0,0,0,2,0,0,1,1,4,0
848,1996,-1,0,1,8,8,7,2,2,3,0,0,0,0,1,2,0,2,2,6,1
713,1996,-1,36472,2,4,1,7,2,4,2,0,0,0,0,2,1,0,2,1,3,1
2348,1996,-1,121461,4,4,1,4,1,4,1,2,2,2,0,2,1,2,0,1,1,2
2415,1996,-1,23847,1,0,1,7,2,2,1,0,0,0,0,3,0,0,8,1,2,0
808,1996,-1,6172,1,0,7,7,0,3,2,0,0,0,0,2,0,0,2,1,6,0
1540,1996,-1,42083,0,0,1,7,2,2,3,2,1,2,0,1,0,3,0,1,5,0
1898,1996,-1,8417,1,0,0,7,2,2,2,2,1,3,0,2,1,7,1,1,4,8
15,1996,-1,36472,3,1,1,7,2,3,2,0,0,0,0,2,1,0,1,2,3,1
1572,1996,-1,12625,0,0,0,0,2,2,3,2,2,2,0,1,0,3,0,1,2,0
1135,1996,-1,30861,1,0,0,1,1,2,3,2,1,2,0,1,1,1,2,1,3,1
2491,1996,-1,12625,1,0,0,7,2,2,2,2,1,1,0,1,0,5,0,1,3,0
994,1996,-1,0,1,2,1,7,1,1,3,0,0,0,0,1,0,0,2,1,3,0
2585,1996,-1,50499,1,0,1,3,1,0,0,2,3,2,0,2,0,5,2,1,3,0
100,1996,-1,18236,1,0,0,7,1,2,4,0,0,0,0,2,0,0,2,2,2,0
600,1996,-1,75749,1,0,3,3,2,2,3,0,0,0,0,1,3,0,2,1,1,2
1804,1996,-1,23847,0,7,0,0,1,3,1,2,8,2,0,2,2,7,2,2,2,2
1750,1996,-1,61721,0,7,0,1,1,2,3,0,0,0,0,2,0,0,1,1,5,0
2472,1996,-1,36472,1,1,3,1,1,3,3,0,0,0,0,2,9,0,2,1,3,9
2187,1996,-1,15430,1,1,1,2,1,1,2,2,3,3,0,3,1,6,0,1,4,8
2059,1996,-1,21041,1,1,3,7,1,3,2,2,3,2,0,2,1,3,1,1,6,1
2244,1996,-1,7294,0,3,1,7,1,2,2,1,1,1,0,2,1,4,0,1,1,1
1034,1996,-1,61721,4,1,1,3,1,3,3,0,0,0,0,1,0,0,2,2,3,0
302,1996,-1,42083,1,7,1,1,1,0,0,2,2,3,0,2,2,3,2,1,6,1
2436,1996,-1,42083,1,0,0,1,2,2,3,2,2,2,0,1,2,4,2,1,2,1
1077,1996,-1,30861,1,7,2,7,1,3,2,0,0,0,0,2,0,0,1,2,5,0
234,1996,-1,561,1,0,7,7,0,2,1,0,0,0,0,2,0,0,1,1,3,0
2241,1996,-1,26652,1,7,7,7,0,3,3,3,2,3,0,2,0,5,1,1,3,0
2110,1996,-1,7294,4,0,0,7,1,2,3,3,3,3,0,2,3,7,2,1,3,1
1457,1996,-1,61721,1,7,0,1,1,3,1,3,2,3,0,1,0,5,0,2,3,0
2087,1996,-1,61721,1,2,1,4,1,4,2,0,0,0,0,3,0,0,1,2,6,0
716,1996,-1,18236,1,1,1,7,2,3,2,3,3,3,0,3,0,3,0,1,3,0
1851,1996,-1,61721,2,0,8,1,2,0,0,3,3,3,0,2,1,2,1,1,2,1
386,1996,-1,0,3,3,1,7,1,3,3,2,1,2,0,2,0,5,0,1,5,0
2266,1996,-1,18236,1,0,1,1,2,2,2,3,3,3,0,2,1,1,0,1,4,2
16,1996,-1,6172,3,1,1,7,2,3,2,0,0,0,0,3,1,0,1,2,6,1
916,1996,-1,21041,1,1,7,7,0,3,2,2,2,3,0,2,1,3,0,1,4,2
2340,1996,-1,23847,0,0,0,0,2,2,3,0,0,0,0,2,1,0,2,1,1,1
1206,1996,-1,121461,1,4,4,7,1,2,2,2,1,1,0,2,1,3,0,1,3,1
1108,1996,-1,30861,4,3,0,7,2,3,2,0,0,0,0,2,0,0,1,2,1,0
2581,1996,-1,8417,0,0,0,0,1,0,0,2,2,2,0,2,1,2,2,2,2,1
668,1996,-1,50499,1,7,0,7,1,4,1,0,0,0,0,2,1,0,2,1,3,1
2897,1996,-1,10100,3,7,7,7,0,4,2,3,1,2,0,3,1,1,0,2,3,1
1201,1996,-1,61721,1,1,1,1,1,0,0,2,2,3,0,2,1,3,2,2,4,1
721,1996,-1,42083,1,1,3,7,1,4,1,3,1,3,0,2,1,2,2,2,3,1
2031,1996,-1,10100,3,9,2,7,1,3,1,0,0,0,0,2,1,0,1,8,3,1
616,1996,-1,36472,3,0,1,3,1,4,3,0,0,0,0,1,0,0,1,1,2,0
1956,1996,-1,2244,1,4,1,7,1,3,1,0,0,0,0,2,0,0,1,1,4,0
395,1996,-1,2244,1,0,0,7,2,1,4,3,2,2,0,1,0,6,0,1,2,0
1220,1996,-1,26652,1,0,1,1,1,4,1,3,2,3,0,2,1,5,0,1,2,1
1593,1996,-1,0,1,9,9,4,9,0,0,3,2,3,0,2,0,6,1,1,4,0
1582,1996,-1,75749,1,7,2,7,1,3,2,3,2,3,0,1,0,2,0,1,1,0
391,1996,-1,12625,1,7,1,7,1,3,2,0,0,0,0,3,1,0,1,1,6,1
2517,1996,-1,75749,1,1,1,1,1,0,0,2,8,2,0,1,0,4,2,1,1,0
2102,1996,-1,36472,1,1,7,3,0,4,4,2,1,2,0,2,0,4,2,1,4,0
2454,1996,-1,30861,1,1,1,7,1,3,2,2,2,3,0,3,0,6,0,1,3,0
2879,1996,-1,75749,1,7,1,2,1,0,0,2,2,3,0,2,2,2,2,1,6,1
2006,1996,-1,50499,1,8,8,2,1,3,8,0,0,0,0,1,1,0,8,8,4,1
457,1996,-1,75749,3,1,1,3,2,0,0,2,1,2,0,2,2,4,1,1,4,1
464,1996,-1,0,4,3,1,7,1,4,3,2,1,2,0,1,0,7,0,1,4,0
356,1996,-1,30861,1,7,1,7,2,1,3,0,0,0,0,2,0,0,2,1,6,0
1333,1996,-1,36472,0,7,0,1,1,3,2,3,2,3,0,2,0,5,0,1,3,0
310,1996,-1,36472,2,7,1,1,2,4,2,3,3,3,0,3,0,6,0,1,4,0
1362,1996,-1,121461,4,0,0,4,2,0,0,1,1,2,0,1,0,1,2,2,2,0
144,1996,-1,36472,0,0,0,7,1,3,1,2,2,2,0,2,2,1,0,2,1,1
531,1996,-1,23847,0,7,1,7,1,3,3,0,0,0,0,2,0,0,2,2,3,0
606,1996,-1,0,1,0,1,2,1,4,1,0,0,0,0,1,1,0,2,1,3,1
1930,1996,-1,61721,2,2,2,7,1,4,1,3,2,3,0,3,1,7,1,1,5,1
902,1996,-1,42083,3,0,0,7,1,0,0,2,1,2,0,3,1,3,2,2,4,1
1237,1996,-1,75749,3,0,0,1,1,1,4,3,3,3,0,3,3,7,0,1,2,1
2902,1996,-1,15430,1,0,0,7,2,1,3,0,0,0,0,2,0,0,2,1,2,0
2655,1996,-1,50499,1,0,0,1,2,3,2,2,2,3,0,1,0,2,0,1,1,0
1535,1996,-1,3928,1,1,1,7,1,2,3,2,2,3,0,3,0,4,0,2,3,0
2303,1996,-1,30861,2,1,0,7,1,0,0,3,2,3,0,1,1,4,2,1,3,2
1944,1996,-1,0,1,0,0,7,2,3,8,0,0,0,0,3,0,0,1,1,1,0
2658,1996,-1,42083,0,0,0,7,1,2,1,3,3,3,0,2,3,5,2,1,2,2
2649,1996,-1,42083,1,7,1,1,1,3,1,2,2,3,0,2,0,5,2,2,2,0
615,1996,-1,18236,3,2,0,7,2,4,2,0,0,0,0,3,0,0,2,1,3,0
2207,1996,-1,18236,0,1,1,0,1,3,2,3,1,3,0,2,0,1,0,1,3,0
450,1996,-1,50499,4,4,1,7,1,2,3,2,2,2,0,1,0,4,0,2,6,0
1265,1996,-1,12625,0,8,0,7,2,0,0,2,2,2,0,2,0,7,2,1,2,0
165,1996,-1,61721,0,8,8,1,1,2,2,0,0,0,0,3,0,0,2,1,6,0
1806,1996,-1,50499,1,0,0,1,1,8,3,0,0,0,0,2,9,0,2,1,2,9
1987,1996,-1,15430,0,7,0,0,1,2,3,0,0,0,0,2,0,0,2,8,2,0
1913,1996,-1,12625,0,7,0,7,1,1,2,3,3,3,0,1,3,4,1,8,4,2
2446,1996,-1,61721,3,4,3,4,2,4,1,0,0,0,0,1,1,0,1,1,5,1
340,1996,-1,36472,2,3,7,7,0,0,0,1,1,2,0,3,0,4,1,1,6,0
1239,1996,-1,0,1,0,1,2,1,2,1,0,0,0,0,2,2,0,2,1,4,2
1401,1996,-1,50499,1,1,1,7,2,8,3,0,0,0,0,2,1,0,2,1,1,2
752,1996,-1,36472,1,1,1,7,2,0,0,9,9,9,0,2,0,7,1,8,4,0
1625,1996,-1,0,1,1,2,7,2,2,1,1,8,8,0,2,2,8,0,1,2,1
640,1996,-1,121461,3,4,2,4,1,0,0,2,3,3,0,2,1,3,1,8,4,1
1624,1996,-1,0,3,1,3,3,2,0,0,2,1,2,0,1,0,6,1,1,3,0
2312,1996,-1,121461,1,0,0,1,2,2,2,0,0,0,0,1,9,0,1,1,2,9
469,1996,-1,0,1,3,1,1,1,2,4,2,2,3,0,1,0,1,1,1,3,0
566,1996,-1,18236,1,7,0,7,1,3,2,0,0,0,0,2,2,0,2,1,6,1
572,1996,-1,121461,3,4,1,1,1,3,2,3,2,2,0,2,0,3,8,1,5,0
1965,1996,-1,6172,1,7,0,7,2,0,0,2,2,3,0,1,1,7,2,1,3,1
1215,1996,-1,50499,1,1,1,7,1,3,2,3,2,3,0,2,0,4,0,1,4,0
1238,1996,-1,23847,3,1,0,7,1,2,3,3,3,3,0,1,0,4,0,1,3,0
1953,1996,-1,23847,1,9,9,7,2,2,2,2,3,3,0,2,1,7,1,1,6,1
2417,1996,-1,10100,1,3,1,7,2,0,0,3,3,2,0,3,0,5,2,1,2,0
1452,1996,-1,50499,1,0,1,1,1,3,2,3,2,3,0,2,0,6,1,1,3,0
1087,1996,-1,50499,4,0,0,3,1,0,0,2,2,2,0,1,2,4,2,2,4,1
639,1996,-1,121461,3,2,7,4,0,2,1,2,8,2,0,1,0,3,0,2,2,0
383,1996,-1,75749,4,4,1,3,2,3,1,2,2,2,0,1,0,4,2,1,4,0
2,1996,-1,0,3,3,2,7,1,2,2,2,3,2,0,2,0,4,0,8,6,0
2309,1996,-1,42083,1,1,2,1,1,2,2,2,2,3,0,2,0,3,0,1,4,0
1796,1996,-1,7294,1,1,1,7,1,0,0,3,1,3,0,3,0,2,2,8,3,0
2016,1996,-1,18236,1,8,7,1,0,8,3,8,2,2,0,1,1,7,0,8,2,1
733,1996,-1,121461,4,1,1,1,2,3,8,0,0,0,0,2,8,0,1,1,5,1
103,1996,-1,50499,1,1,0,0,2,2,2,1,2,3,0,1,8,4,0,1,3,1
2134,1996,-1,121461,1,7,1,7,1,2,3,3,2,3,0,2,0,6,0,1,5,0
1816,1996,-1,75749,0,1,4,7,1,4,1,0,0,0,0,2,0,0,2,1,1,0
757,1996,-1,75749,3,1,1,7,2,3,2,2,2,2,0,2,2,1,1,1,3,9
119,1996,-1,26652,2,0,0,7,2,4,3,2,1,3,0,2,1,6,0,2,5,1
2701,1996,-1,15430,1,1,1,1,2,0,0,3,3,3,0,1,0,7,1,1,2,0
414,1996,-1,36472,0,7,0,0,1,1,3,1,1,1,0,2,2,5,0,1,2,1
1815,1996,-1,75749,1,4,0,1,1,0,0,3,2,3,0,2,0,4,2,2,3,0
1632,1996,-1,75749,2,1,7,2,0,3,1,0,0,0,0,2,9,0,1,1,1,9
1820,1996,-1,0,1,1,7,7,0,2,3,3,8,3,0,3,0,1,0,1,2,0
1555,1996,-1,42083,1,7,0,7,1,3,1,0,0,0,0,2,1,0,1,8,4,1
2580,1996,-1,23847,2,1,1,0,2,2,3,3,3,2,0,1,2,3,0,2,3,1
1817,1996,-1,30861,1,0,1,1,2,2,3,2,3,3,0,1,0,5,2,1,3,0
684,1996,-1,6172,0,7,8,7,1,3,3,0,0,0,0,2,1,0,2,2,6,1
609,1996,-1,50499,1,7,1,7,1,2,3,3,3,3,0,2,0,4,0,8,6,0
2851,1996,-1,0,3,0,3,1,1,4,1,2,2,2,0,1,1,7,2,1,2,1
794,1996,-1,75749,3,3,1,2,1,3,3,0,0,0,0,1,0,0,2,1,2,0
1592,1996,-1,23847,1,1,1,7,2,0,0,2,1,2,0,2,2,7,1,1,1,3
2463,1996,-1,42083,1,7,1,7,1,0,0,2,1,2,0,2,0,3,2,1,3,0
1652,1996,-1,12625,0,7,0,7,2,2,3,3,2,2,0,3,0,4,0,8,2,0
2762,1996,-1,0,0,7,2,7,1,3,2,0,0,0,0,2,0,0,2,2,3,0
2398,1996,-1,21041,1,7,0,7,1,4,2,0,0,0,0,2,0,0,2,1,1,0
30,1996,-1,61721,3,7,4,7,1,3,2,2,2,2,0,3,0,5,1,2,6,0
669,1996,-1,30861,1,1,3,7,1,2,2,0,0,0,0,2,0,0,1,1,6,0
2273,1996,-1,42083,1,1,0,0,2,1,4,1,1,1,0,1,1,7,0,2,3,2
2532,1996,-1,12625,1,1,1,7,1,3,2,1,1,1,0,2,0,5,0,1,5,0
2543,1996,-1,0,1,3,0,7,1,3,2,2,2,2,0,2,0,3,0,2,4,0
1170,1996,-1,23847,1,8,8,1,2,0,0,8,8,8,0,1,0,4,2,2,1,0
2356,1996,-1,10100,3,2,1,7,1,4,1,0,0,0,0,2,1,0,1,2,6,1
1673,1996,-1,42083,1,1,1,7,1,9,9,2,3,3,0,2,0,1,0,1,3,0
2404,1996,-1,42083,1,7,0,0,1,2,3,3,3,3,0,2,1,3,0,1,3,1
2770,1996,-1,75749,3,7,3,1,1,3,2,0,0,0,0,2,1,0,2,1,4,1
2466,1996,-1,36472,1,8,8,0,2,3,3,2,2,2,0,2,8,5,0,1,3,2
1184,1996,-1,15430,0,7,0,7,1,1,2,2,2,3,0,2,0,1,0,1,2,0
2097,1996,-1,121461,4,3,3,1,1,0,0,2,1,2,0,1,0,7,2,1,5,0
677,1996,-1,0,1,3,1,7,1,4,2,1,2,2,0,2,2,4,2,1,5,2
2010,1996,-1,30861,1,1,1,7,1,8,2,2,2,3,0,2,8,6,8,1,3,8
1190,1996,-1,121461,1,0,0,1,2,1,4,3,2,3,0,2,0,3,0,1,2,0
800,1996,-1,561,0,8,8,7,1,3,3,0,0,0,0,3,0,0,2,1,6,0
2719,2000,-1,85254,1,1,1,2,1,0,0,3,2,3,0,2,1,5,1,1,3,1
2653,2000,-1,0,0,0,0,7,2,2,3,0,0,0,0,8,0,0,2,2,2,0
2222,2000,-1,46502,1,1,7,7,0,0,0,3,1,1,0,1,0,5,2,1,3,0
1136,2000,-1,4650,0,7,0,7,1,1,3,2,3,3,4,3,8,2,0,1,3,1
1551,2000,-1,5684,0,0,0,0,1,3,2,3,3,3,0,1,1,1,0,2,3,1
1229,2000,-1,16792,1,0,0,7,2,0,0,2,2,2,0,2,2,4,1,2,5,1
1572,2000,-1,33585,1,7,0,7,2,2,3,0,0,0,6,2,0,0,2,1,3,0
1555,2000,-1,28418,1,0,0,7,1,1,3,0,0,0,6,2,1,0,2,1,4,2
2056,2000,-1,56836,3,7,1,7,1,0,0,3,2,2,6,1,1,2,2,2,6,1
1582,2000,-1,69753,3,0,1,4,1,0,0,2,2,3,0,1,1,3,2,2,2,1
1388,2000,-1,24543,1,3,1,7,2,0,0,3,8,1,6,2,1,5,2,2,3,1
1316,2000,-1,56836,1,1,0,1,1,2,3,0,0,0,6,2,3,0,2,2,6,1
2118,2000,-1,56836,1,7,2,1,1,3,3,0,0,0,6,2,2,0,1,1,4,1
1497,2000,-1,24543,4,7,3,7,1,3,2,0,0,0,0,2,1,0,2,1,2,1
2447,2000,-1,28418,1,1,1,1,1,0,0,3,3,3,0,2,1,4,8,1,1,2
543,2000,-1,0,0,9,8,1,2,2,3,1,1,1,0,2,0,4,0,1,1,0
1232,2000,-1,14209,2,7,0,7,1,4,2,2,2,2,5,2,0,4,0,1,3,0
780,2000,-1,46502,2,1,1,1,2,2,3,3,2,2,0,2,1,9,0,2,3,1
472,2000,-1,46502,4,1,8,7,2,0,0,2,1,2,0,2,1,6,2,2,4,2
2674,2000,-1,38752,1,1,1,1,1,3,2,0,0,0,6,1,0,0,2,2,3,0
2224,2000,-1,38752,1,0,7,0,0,2,4,0,0,0,0,1,0,0,2,2,3,0
1091,2000,-1,0,3,3,1,1,2,2,2,2,1,3,6,1,8,1,0,1,6,2
872,2000,-1,38752,1,7,0,0,2,0,0,2,2,2,0,1,1,2,2,1,1,1
2493,2000,-1,11626,1,0,0,7,1,2,2,0,0,0,0,2,0,0,2,1,2,0
641,2000,-1,21959,1,7,7,7,0,4,1,1,3,2,6,9,1,1,0,1,4,1
173,2000,-1,56836,1,3,8,1,2,3,3,3,2,3,6,2,0,7,0,1,3,0
1028,2000,-1,38752,1,1,1,7,2,2,3,0,0,0,0,1,0,0,2,1,4,0
1098,2000,-1,21959,2,1,1,7,1,3,3,3,3,2,0,2,0,7,0,1,3,0
55,2000,-1,28418,3,4,4,1,1,3,4,1,1,1,3,2,0,4,0,1,5,0
934,2000,-1,28418,1,3,1,7,2,3,1,0,0,0,0,2,1,0,1,2,6,3
1463,2000,-1,38752,1,3,1,1,1,3,3,2,3,3,5,1,1,3,0,2,4,1
727,2000,-1,38752,0,1,1,1,2,2,3,0,0,0,0,2,0,0,2,1,4,0
422,2000,-1,85254,2,2,2,1,1,0,0,2,2,2,5,2,1,3,2,1,3,1
2341,2000,-1,6717,0,0,0,7,2,8,2,0,0,0,0,3,1,0,2,2,2,1
2212,2000,-1,19376,1,1,1,1,1,3,2,2,3,3,0,2,1,6,0,1,3,2
801,2000,-1,0,1,0,0,1,2,2,2,0,0,0,0,2,0,0,2,2,3,0
1546,2000,-1,14209,2,0,0,7,1,3,2,0,0,0,0,2,0,0,1,1,4,0
1237,2000,-1,69753,4,1,1,1,1,0,0,2,2,3,0,1,0,4,1,2,4,0
13,2000,-1,56836,1,7,1,0,1,3,3,0,0,0,6,2,1,0,2,1,1,1
419,2000,-1,85254,2,1,1,1,1,0,0,3,2,2,0,2,0,7,1,1,5,0
2737,2000,-1,56836,3,0,1,1,2,1,1,0,0,0,0,1,1,0,1,1,3,1
815,2000,-1,24543,0,1,0,1,2,2,3,0,0,0,5,2,1,0,2,2,1,1
2159,2000,-1,16792,1,3,3,1,1,0,0,2,2,2,5,2,8,6,1,1,3,1
1669,2000,-1,56836,1,1,1,0,1,3,2,3,2,3,0,1,1,5,0,1,4,1
764,2000,-1,33585,1,1,1,7,1,3,3,0,0,0,0,2,0,0,2,2,5,0
44,2000,-1,9300,4,7,7,7,0,3,2,2,1,3,6,3,1,1,0,2,3,1
648,2000,-1,2067,1,7,2,7,1,0,0,3,2,2,0,1,2,1,2,2,6,1
2613,2000,-1,166419,1,1,1,7,2,3,3,0,0,0,0,3,0,0,2,1,3,0
2055,2000,-1,33585,0,0,0,7,1,2,3,0,0,0,0,2,3,0,2,1,3,2
1804,2000,-1,56836,1,0,8,1,1,2,3,3,2,3,0,2,0,5,0,1,6,0
1906,2000,-1,11626,1,4,1,7,2,0,0,3,2,2,0,2,0,3,1,2,6,0
1799,2000,-1,103338,0,7,1,1,2,3,2,3,1,2,5,1,2,4,0,1,4,3
1254,2000,-1,0,1,8,8,7,2,1,3,2,2,2,0,1,1,7,0,8,3,1
1124,2000,-1,14209,1,1,0,7,2,4,3,0,0,0,0,2,0,0,2,8,2,0
884,2000,-1,33585,1,1,0,7,2,2,3,8,8,8,1,1,0,6,0,1,6,0
203,2000,-1,0,0,7,8,7,2,2,2,0,0,0,3,2,3,0,1,2,6,2
968,2000,-1,33585,1,1,1,7,2,0,0,3,1,2,0,2,0,3,2,1,3,0
638,2000,-1,11626,0,0,0,7,2,0,0,3,2,2,6,3,0,1,1,1,3,0
2378,2000,-1,3617,0,8,8,7,2,0,0,2,8,2,0,2,0,4,2,1,2,0
2047,2000,-1,33585,1,7,0,7,1,0,0,2,2,2,5,2,0,1,1,1,4,0
1200,2000,-1,11626,1,7,8,1,1,2,1,0,0,0,6,1,0,0,2,2,1,0
305,2000,-1,28418,3,0,3,1,1,8,1,0,0,0,0,2,1,0,2,1,4,1
1862,2000,-1,69753,1,1,1,0,1,0,0,2,2,2,0,2,1,5,1,1,1,1
765,2000,-1,24543,1,8,8,7,1,1,4,3,2,3,6,2,8,5,0,8,4,2
2451,2000,-1,28418,2,3,3,3,1,0,0,3,2,3,0,2,1,5,8,1,3,1
1965,2000,-1,0,1,0,1,7,1,8,2,0,0,0,0,2,0,0,1,1,3,0
592,2000,-1,69753,1,0,0,2,1,0,0,3,1,2,0,1,2,7,2,1,6,3
1953,2000,-1,0,1,0,0,1,2,3,2,2,1,2,6,2,8,7,0,1,6,1
1080,2000,-1,28418,3,4,3,7,1,4,2,0,0,0,1,2,0,0,1,2,3,0
1007,2000,-1,38752,1,1,1,1,1,0,0,1,2,2,0,2,2,4,2,1,1,1
380,2000,-1,11626,3,1,0,3,2,2,2,3,8,8,6,1,2,1,0,1,3,1
282,2000,-1,6717,0,8,8,7,1,4,2,1,1,1,8,9,2,1,0,2,6,1
2422,2000,-1,103338,0,7,9,1,9,3,3,3,2,2,6,2,0,4,0,1,5,0
1640,2000,-1,166419,4,4,3,4,2,0,0,3,1,2,0,2,2,6,1,1,5,2
736,2000,-1,11626,0,8,0,7,2,2,3,3,3,3,6,3,0,2,0,2,2,0
2336,2000,-1,11626,0,7,0,7,2,2,2,3,8,2,6,3,0,7,0,2,4,0
1177,2000,-1,14209,1,7,0,7,2,1,3,0,0,0,6,2,0,0,1,1,3,0
560,2000,-1,0,1,1,1,7,8,3,2,8,8,8,0,2,1,1,0,8,3,2
2634,2000,-1,6717,1,0,0,7,2,0,0,3,3,2,0,2,0,4,2,1,2,0
2510,2000,-1,24543,3,0,1,7,1,3,1,0,0,0,0,2,0,0,8,1,3,0
1481,2000,-1,5684,0,0,0,7,1,3,2,0,0,0,0,1,0,0,2,8,6,0
758,2000,-1,7750,1,0,0,7,2,2,3,0,0,0,9,2,2,0,2,2,1,2
744,2000,-1,85254,1,4,4,7,1,0,0,2,2,2,0,1,1,3,2,8,4,1
456,2000,-1,19376,1,1,1,7,1,0,0,2,1,2,6,1,0,3,2,2,2,0
2184,2000,-1,0,1,7,9,7,8,2,3,0,0,0,0,2,0,0,1,1,6,0
1036,2000,-1,3617,1,0,0,0,2,0,0,1,8,8,0,1,2,3,2,1,3,2
268,2000,-1,16792,1,7,7,7,0,0,0,2,1,3,9,2,0,7,2,1,6,0
2490,2000,-1,2067,1,0,0,7,2,2,4,0,0,0,6,2,2,0,2,8,2,2
17,2000,-1,14209,2,0,0,7,2,0,0,1,1,3,6,1,2,7,2,1,4,3
1440,2000,-1,56836,3,7,1,7,1,4,1,3,2,2,6,2,1,2,0,2,5,1
1984,2000,-1,14209,0,0,0,7,2,2,2,2,8,2,0,2,1,3,0,1,2,1
347,2000,-1,0,1,8,0,1,1,0,0,2,2,2,9,1,2,3,1,1,3,1
423,2000,-1,33585,2,1,1,7,1,4,1,0,0,0,0,2,1,0,1,2,3,1
2195,2000,-1,19376,1,8,0,7,2,0,0,2,2,3,6,3,1,1,2,1,3,1
1631,2000,-1,56836,1,1,1,3,1,0,0,3,2,2,0,1,0,5,1,2,4,0
1946,2000,-1,46502,1,1,1,7,2,3,2,2,2,2,0,2,0,4,0,2,6,0
85,2000,-1,56836,1,0,1,1,1,0,0,3,2,2,6,2,0,3,1,2,6,0
1507,2000,-1,19376,1,9,9,1,2,2,4,3,1,3,5,1,1,3,0,1,1,1
950,2000,-1,166419,4,1,1,4,2,8,8,0,0,0,0,1,0,0,1,8,3,0
1875,2000,-1,69753,1,1,0,3,2,3,4,3,3,3,5,2,1,3,0,1,6,1
1786,2000,-1,0,1,3,2,7,2,3,2,2,1,3,1,1,1,4,0,1,4,1
875,2000,-1,9300,1,1,1,7,1,3,2,0,0,0,6,2,0,0,2,2,4,0
511,2000,-1,33585,1,9,0,7,1,0,0,1,1,2,9,2,0,3,2,2,6,0
2227,2000,-1,16792,1,1,1,4,1,0,0,2,8,2,6,2,2,4,1,2,3,1
2169,2000,-1,46502,1,0,0,7,2,3,2,2,2,2,3,1,0,3,0,8,5,0
2435,2000,-1,24543,1,0,3,1,1,2,1,0,0,0,0,1,2,0,2,2,3,1
1504,2000,-1,9300,3,4,7,7,0,1,3,0,0,0,6,3,0,0,2,1,5,0
1343,2000,-1,0,3,1,0,2,1,0,0,3,2,2,6,1,1,4,1,9,3,1
76,2000,-1,11626,0,0,0,7,2,4,2,8,8,2,6,2,1,4,0,2,3,1
1181,2000,-1,85254,1,0,0,7,1,0,0,3,2,3,0,1,0,1,2,1,4,0
1611,2000,-1,19376,0,7,0,7,2,3,2,1,2,2,0,2,0,1,0,1,6,0
1416,2000,-1,33585,1,7,3,1,1,0,0,2,1,3,0,1,2,2,1,1,4,1
1996,2000,-1,33585,1,1,1,7,1,3,3,0,0,0,6,1,1,0,1,2,5,1
791,2000,-1,38752,3,1,1,7,1,3,3,2,1,2,0,2,1,1,0,2,1,2
1751,2000,-1,33585,1,0,1,7,1,3,2,0,0,0,0,2,0,0,1,1,5,0
2102,2000,-1,5684,0,0,0,7,2,0,0,3,3,3,0,2,1,2,2,1,2,1
471,2000,-1,56836,1,0,0,1,2,3,8,3,2,2,0,1,1,1,0,2,3,1
2593,2000,-1,46502,0,0,1,7,1,4,2,0,0,0,0,2,0,0,1,1,4,0
2709,2000,-1,38752,3,1,1,1,2,2,3,1,2,2,0,2,0,2,0,1,2,0
1527,2000,-1,56836,1,1,1,7,1,3,2,0,0,0,6,2,1,0,2,1,3,1
2180,2000,-1,56836,1,0,1,1,2,0,0,3,1,3,6,1,1,5,2,1,3,3
2809,2000,-1,28418,1,0,0,1,2,2,2,0,0,0,6,3,2,0,2,1,2,2
1659,2000,-1,56836,3,1,1,1,1,0,0,2,3,3,5,2,0,5,1,2,5,0
1356,2000,-1,33585,0,8,0,0,1,1,3,3,1,3,0,1,0,7,0,2,2,0
328,2000,-1,103338,1,3,3,7,1,3,2,0,0,0,6,2,0,0,1,1,5,0
2326,2000,-1,14209,1,0,0,7,2,0,0,2,2,3,6,1,0,6,2,1,2,0
1803,2000,-1,56836,2,1,3,1,1,3,3,2,2,2,0,2,1,6,0,1,3,1
2594,2000,-1,46502,1,1,1,1,1,9,4,2,2,2,6,2,0,7,0,1,4,0
1019,2000,-1,38752,0,1,2,7,1,0,0,2,1,2,6,2,1,5,2,2,4,2
1614,2000,-1,19376,1,7,0,7,8,3,1,0,0,0,0,2,8,0,2,2,4,8
2331,2000,-1,9300,0,0,0,7,2,8,2,0,0,0,5,3,1,0,2,2,4,1
452,2000,-1,0,9,7,0,7,1,1,3,0,0,0,0,1,0,0,1,2,2,0
402,2000,-1,16792,3,0,0,4,2,0,0,2,2,2,6,2,0,4,1,2,6,0
1381,2000,-1,16792,1,0,0,7,1,0,0,2,2,2,6,3,0,1,8,1,5,0
2216,2000,-1,85254,1,0,0,2,2,0,0,2,2,2,0,1,0,6,2,1,4,0
2773,2000,-1,69753,4,1,1,4,2,3,2,0,0,0,0,1,1,0,1,2,6,1
2012,2000,-1,19376,0,0,0,1,1,0,0,2,2,2,0,1,1,1,2,2,2,1
412,2000,-1,85254,1,1,1,3,1,2,3,0,0,0,0,2,1,0,1,1,4,1
544,2000,-1,0,3,7,1,1,1,0,0,2,1,1,4,2,3,5,2,2,3,1
11,2000,-1,103338,4,0,0,2,2,4,1,2,1,1,0,1,0,5,0,2,6,0
2296,2000,-1,5684,0,0,0,7,2,1,3,0,0,0,6,2,0,0,2,2,3,0
1348,2000,-1,69753,3,4,4,1,1,0,0,1,1,2,6,2,0,4,2,8,3,0
1179,2000,-1,85254,3,0,1,3,1,3,2,0,0,0,3,2,1,0,1,1,6,1
558,2000,-1,0,0,7,8,7,1,1,1,0,0,0,6,2,8,0,1,1,6,1
1392,2000,-1,56836,1,1,0,1,2,0,0,3,2,2,0,1,2,3,2,2,2,1
297,2000,-1,5684,0,8,8,7,2,4,1,3,3,3,0,3,0,1,0,1,5,0
2770,2000,-1,7750,0,0,0,7,2,0,0,3,8,2,6,2,0,6,2,8,2,0
1687,2000,-1,46502,1,7,1,7,2,2,3,0,0,0,0,2,1,0,1,1,4,8
1333,2000,-1,0,0,0,8,7,1,0,0,3,3,3,9,1,0,1,2,1,4,0
1067,2000,-1,24543,0,0,0,0,2,0,0,2,1,1,5,2,0,1,2,1,3,0
1316,2004,2,63190,1,0,0,1,1,0,0,0,0,0,0,0,0,0,0,0,3,0
2453,2004,2,22234,1,7,4,7,1,2,2,0,0,0,0,1,1,0,2,1,4,1
242,2004,3,63190,2,1,2,2,1,2,4,0,0,0,0,1,1,0,2,2,5,1
363,2004,2,151053,1,2,1,7,2,0,0,0,0,0,0,0,1,0,0,0,3,1
580,2004,2,25744,1,7,7,7,0,0,0,0,0,0,0,0,0,0,0,0,6,0
2441,2004,2,12872,0,0,0,7,1,0,0,0,0,0,0,0,2,0,0,0,2,2
632,2004,3,63190,1,8,1,1,1,4,8,3,2,3,0,3,2,6,0,1,3,2
1369,2004,3,151053,1,1,1,3,1,2,4,3,2,1,0,2,0,7,0,1,5,0
1610,2004,2,63190,3,7,3,7,1,3,3,0,0,0,0,2,0,0,1,2,3,0
666,2004,4,0,3,7,3,4,1,0,0,0,0,0,0,0,1,0,0,0,6,1
1288,2004,-1,25744,1,1,1,7,2,0,0,3,2,3,0,2,0,3,2,1,3,0
411,2004,3,51488,1,3,1,7,2,3,1,0,0,0,0,2,0,0,1,1,6,0
2687,2004,4,63190,1,1,2,1,2,2,1,0,0,0,0,1,0,0,2,1,1,0
744,2004,-1,63190,3,7,7,3,0,0,0,0,0,0,0,0,0,0,0,0,4,0
1748,2004,2,0,1,7,1,7,1,0,0,0,0,0,0,0,1,0,0,0,4,1
30,2004,-1,35106,3,1,1,7,1,0,0,0,0,0,0,0,2,0,0,0,6,2
390,2004,1,25744,1,7,0,1,2,0,0,0,0,0,0,0,1,0,0,0,3,1
981,2004,1,25744,3,1,1,7,2,0,0,0,0,0,0,0,0,0,0,0,6,0
2651,2004,3,25744,1,1,1,7,1,2,2,2,2,1,0,2,2,4,0,2,1,1
1108,2004,2,42127,2,7,1,1,1,0,0,0,0,0,0,0,0,0,0,0,5,0
2644,2004,3,17553,4,1,0,1,2,0,0,0,0,0,0,0,0,0,0,0,4,0
1557,2004,-1,3277,1,7,7,7,0,0,0,0,0,0,0,0,0,0,0,0,4,0
699,2004,3,51488,1,2,1,7,1,0,0,0,0,0,0,0,0,0,0,0,6,0
455,2004,-1,25744,0,0,1,7,1,0,0,3,2,2,0,3,1,4,2,2,3,1
1051,2004,3,10532,3,0,0,7,2,3,2,3,2,2,0,2,1,1,0,2,3,1
912,2004,4,30425,3,1,1,7,1,0,0,0,0,0,0,0,1,0,0,0,3,1
680,2004,4,151053,3,4,4,7,1,0,0,3,1,3,0,2,0,4,1,2,3,0
206,2004,4,63190,1,1,1,7,2,0,0,0,0,0,0,0,0,0,0,0,2,0
433,2004,3,93615,4,1,1,4,2,0,0,0,0,0,0,0,1,0,0,0,6,1
2433,2004,-1,5149,0,0,8,7,2,0,0,0,0,0,0,0,0,0,0,0,1,0
2645,2004,2,63190,1,7,1,3,1,0,0,0,0,0,0,0,1,0,0,0,3,2
2239,2004,3,22234,1,1,1,0,1,0,0,0,0,0,0,0,0,0,0,0,3,0
2402,2004,3,15213,1,0,0,7,2,0,0,0,0,0,0,0,0,0,0,0,3,0
2344,2004,3,468,4,1,1,7,1,0,0,0,0,0,0,0,1,0,0,0,3,1
2668,2004,2,12872,1,8,0,7,2,0,0,3,8,3,0,2,0,1,2,1,2,0
193,2004,3,63190,1,7,4,1,1,0,0,0,0,0,0,0,0,0,0,0,5,0
1414,2004,2,25744,1,0,0,7,2,2,3,0,0,0,0,3,2,0,2,1,4,2
1060,2004,3,35106,1,1,0,7,2,0,0,2,8,2,0,2,2,1,1,1,3,1
113,2004,-1,19893,1,4,3,7,2,0,0,0,0,0,0,0,1,0,0,0,6,1
974,2004,2,0,1,7,1,7,1,2,3,0,0,0,0,2,8,0,2,1,3,2
2505,2004,1,10532,1,8,8,7,8,0,0,0,0,0,0,0,1,0,0,0,3,1
1235,2004,2,51488,3,7,1,1,1,0,0,0,0,0,0,0,1,0,0,0,3,2
2492,2004,2,468,1,8,8,7,2,2,3,2,2,3,0,2,1,5,0,1,2,1
2410,2004,1,10532,0,0,1,7,2,0,0,0,0,0,0,0,0,0,0,0,1,0
823,2004,3,8425,1,2,1,7,1,3,2,0,0,0,0,3,0,0,1,1,1,0
2439,2004,3,6085,1,7,0,7,1,0,0,0,0,0,0,0,8,0,0,0,3,1
2587,2004,4,17553,1,8,8,7,2,3,2,0,0,0,0,2,0,0,1,8,3,0
1,2004,2,51488,0,0,0,0,2,0,0,0,0,0,0,0,0,0,0,0,5,0
1799,2004,-1,1872,1,7,0,7,1,0,0,0,0,0,0,0,2,0,0,0,6,2
2212,2004,3,93615,1,0,0,3,1,0,0,0,0,0,0,0,1,0,0,0,3,1
2790,2004,3,22234,1,7,1,7,1,0,0,3,2,2,0,3,0,1,1,1,4,0
396,2004,2,42127,1,8,8,7,1,0,0,0,0,0,0,0,0,0,0,0,3,0
545,2004,3,0,3,3,2,3,1,0,0,0,0,0,0,0,0,0,0,0,3,0
96,2004,3,0,1,1,7,7,0,0,0,0,0,0,0,0,1,0,0,0,5,1
1192,2004,3,51488,0,1,1,7,1,3,3,0,0,0,0,2,2,0,2,1,1,1
793,2004,2,93615,4,7,1,3,1,3,3,2,1,3,0,2,0,6,0,2,4,0
1757,2004,2,35106,0,7,1,1,1,0,0,0,0,0,0,0,2,0,0,0,2,1
1903,2004,3,51488,1,1,1,7,2,0,0,0,0,0,0,0,1,0,0,0,3,1
1050,2004,2,15213,4,3,1,7,1,0,0,0,0,0,0,0,0,0,0,0,3,0
2231,2004,2,22234,1,1,1,7,1,0,0,0,0,0,0,0,1,0,0,0,1,1
2497,2004,3,42127,1,0,1,7,2,0,0,0,0,0,0,0,0,0,0,0,2,0
527,2004,3,15213,0,1,1,7,1,0,0,2,2,1,0,2,0,3,2,1,4,0
1764,2004,2,12872,1,0,1,1,2,2,3,0,0,0,0,2,2,0,2,1,3,1
2647,2004,2,12872,1,0,1,1,1,1,3,0,0,0,0,1,0,0,2,1,3,0
1994,2004,3,151053,1,0,0,1,9,2,3,0,0,0,0,2,2,0,2,2,5,2
841,2004,3,151053,3,0,0,1,2,0,0,0,0,0,0,0,0,0,0,0,5,0
2302,2004,3,51488,4,2,1,3,1,0,0,0,0,0,0,0,1,0,0,0,1,1
263,2004,4,30425,3,0,0,7,1,3,2,0,0,0,0,3,0,0,2,2,6,0
2164,2004,3,10532,1,7,7,7,0,1,1,0,0,0,0,1,0,0,2,1,6,0
480,2004,3,17553,1,1,1,7,1,0,0,3,2,1,0,2,1,1,2,1,3,1
1566,2004,1,468,0,7,8,7,2,0,0,0,0,0,0,0,0,0,0,0,3,0
1871,2004,3,93615,2,1,0,1,2,0,0,0,0,0,0,0,2,0,0,0,4,3
80,2004,2,30425,4,8,0,7,1,0,0,0,0,0,0,0,0,0,0,0,6,0
1985,2004,1,151053,0,2,0,0,1,0,0,0,0,0,0,0,3,0,0,0,1,3
1440,2004,3,63190,3,1,1,1,1,0,0,3,1,2,0,2,2,2,2,1,4,1
2046,2004,3,3277,1,4,3,3,1,0,0,0,0,0,0,0,8,0,0,0,5,1
318,2004,-1,51488,1,1,1,1,1,0,0,3,2,2,0,3,2,3,2,1,5,1
1113,2004,4,0,1,3,1,7,2,0,0,0,0,0,0,0,0,0,0,0,3,0
1622,2004,3,25744,1,0,1,7,1,8,2,0,0,0,0,1,1,0,1,2,3,1
1502,2004,2,151053,3,4,1,4,1,4,1,0,0,0,0,2,0,0,1,1,4,0
728,2004,4,0,3,1,1,1,1,0,0,2,1,2,0,1,1,3,2,1,3,1
1586,2004,3,25744,0,0,1,7,1,0,0,1,2,2,0,3,0,1,1,1,4,0
1396,2004,3,0,1,1,0,1,2,1,2,0,0,0,0,1,0,0,1,2,2,0
814,2004,2,0,1,7,0,3,9,2,2,0,0,0,0,2,0,0,2,8,3,0
874,2004,3,93615,4,3,3,3,2,0,0,0,0,0,0,0,0,0,0,0,5,0
2395,2004,3,42127,1,0,1,7,2,0,0,3,3,2,0,2,0,4,2,1,1,0
1720,2004,2,42127,2,3,0,1,2,0,0,3,2,2,0,2,3,7,2,1,3,3
1042,2004,4,15213,1,4,3,7,2,0,0,0,0,0,0,0,0,0,0,0,1,0
838,2004,3,19893,0,1,1,7,1,3,1,0,0,0,0,3,8,0,2,8,4,1
2066,2004,2,77233,4,0,0,3,1,0,0,0,0,0,0,0,1,0,0,0,3,1
734,2004,4,93615,1,3,2,7,1,0,0,0,0,0,0,0,1,0,0,0,2,1
884,2004,2,17553,1,0,0,7,2,0,0,0,0,0,0,0,1,0,0,0,2,1
821,2004,3,15213,1,7,1,7,1,0,0,0,0,0,0,0,1,0,0,0,4,1
696,2004,4,17553,1,1,1,0,1,0,0,2,2,2,0,2,0,1,2,8,5,0
1776,2004,4,468,1,3,1,7,1,1,4,2,2,2,0,1,1,7,0,1,3,1
1062,2004,2,22234,4,0,0,7,1,2,2,0,0,0,0,2,0,0,1,2,4,0
801,2004,3,63190,4,1,1,3,1,0,0,0,0,0,0,0,2,0,0,0,1,2
2702,2004,2,12872,1,7,0,7,1,0,0,0,0,0,0,0,0,0,0,0,3,0
1722,2004,-1,8425,1,7,7,1,0,0,0,0,0,0,0,0,1,0,0,0,3,1
2516,2004,3,42127,1,1,3,2,1,2,2,0,0,0,0,3,1,0,1,2,4,1
557,2004,3,77233,2,7,2,2,1,4,2,3,3,1,0,1,1,1,0,2,5,1
197,2004,2,0,1,0,7,1,0,3,2,0,0,0,0,2,0,0,1,1,6,0
1485,2004,-1,10532,0,7,7,7,0,0,0,3,1,2,0,3,1,1,2,2,3,1
2421,2004,2,22234,1,7,0,7,1,1,3,0,0,0,0,3,0,0,1,2,3,0
2255,2004,2,63190,1,0,1,4,2,2,3,3,2,2,0,2,0,4,0,1,2,0
523,2004,4,93615,1,1,1,7,2,0,0,0,0,0,0,0,2,0,0,0,6,1
2165,2004,3,10532,0,7,7,7,0,3,2,3,2,3,0,2,0,2,0,1,4,0
2660,2004,3,35106,4,1,1,1,1,2,2,0,0,0,0,2,0,0,1,1,4,0
2149,2004,3,30425,0,0,1,1,1,0,0,0,0,0,0,0,1,0,0,0,2,1
1902,2004,2,51488,4,7,1,7,1,0,0,0,0,0,0,0,0,0,0,0,4,0
1920,2004,-1,51488,1,7,1,1,1,0,0,3,2,2,0,2,1,5,1,1,1,1
537,2004,3,15213,1,2,1,7,1,0,0,0,0,0,0,0,2,0,0,0,4,2
2558,2004,4,30425,1,1,1,1,2,0,0,0,0,0,0,0,0,0,0,0,1,0
960,2004,3,77233,3,4,4,3,1,0,0,2,2,2,0,1,1,5,2,2,5,1
1140,2004,2,51488,2,1,1,1,1,2,1,1,2,3,0,1,1,1,0,1,3,1
2262,2004,2,42127,0,7,0,0,1,4,1,2,2,2,0,1,0,4,0,1,3,0
709,2004,9,0,1,0,0,7,1,0,0,0,0,0,0,0,1,0,0,0,6,1
593,2004,4,15213,3,3,3,7,1,0,0,0,0,0,0,0,1,0,0,0,6,2
413,2004,-1,1872,3,3,4,7,1,0,0,0,0,0,0,0,0,0,0,0,4,0
1819,2004,-1,63190,4,1,1,3,1,0,0,3,2,2,0,1,0,7,2,1,3,0
2229,2004,2,22234,0,0,0,0,2,2,1,0,0,0,0,2,0,0,2,1,6,0
1865,2004,3,51488,3,1,1,7,1,0,0,0,0,0,0,0,0,0,0,0,3,0
1863,2004,4,151053,4,4,4,4,1,0,0,2,1,2,0,2,0,4,1,2,3,0
188,2004,-1,25744,1,0,1,7,1,0,0,2,2,2,0,2,1,2,8,1,3,1
749,2004,2,19893,1,0,1,1,2,1,3,0,0,0,0,2,0,0,2,2,3,0
382,2004,3,42127,3,0,0,1,2,0,0,0,0,0,0,0,1,0,0,0,6,1
1211,2004,4,151053,3,3,3,3,2,3,2,0,0,0,0,1,0,0,2,1,5,0
2791,2004,4,63190,2,1,1,0,1,0,0,0,0,0,0,0,0,0,0,0,5,0
264,2004,4,30425,1,0,0,7,1,0,0,0,0,0,0,0,0,0,0,0,3,0
1928,2004,3,19893,1,3,3,7,1,0,0,0,0,0,0,0,1,0,0,0,4,1
701,2004,3,42127,1,1,3,7,1,0,0,0,0,0,0,0,0,0,0,0,5,0
1824,2004,3,51488,1,3,1,0,2,0,0,0,0,0,0,0,0,0,0,0,6,0
2531,2004,3,35106,1,1,1,1,1,0,0,0,0,0,0,0,0,0,0,0,1,0
1446,2004,-1,468,1,1,0,1,2,0,0,0,0,0,0,0,0,0,0,0,6,0
315,2004,3,93615,4,4,3,3,1,3,2,0,0,0,0,2,2,0,2,1,3,1
1302,2004,-1,12872,1,0,0,7,2,0,0,0,0,0,0,0,0,0,0,0,3,0
342,2004,2,151053,4,0,0,3,1,0,0,0,0,0,0,0,0,0,0,0,6,0
2113,2004,2,77233,2,1,4,4,1,2,2,0,0,0,0,1,0,0,2,1,2,0
2562,2004,8,0,1,1,1,7,1,0,0,2,1,2,0,2,8,8,8,2,3,1
97,2004,3,35106,1,1,1,1,2,1,2,0,0,0,0,2,0,0,8,8,5,0
1045,2004,1,30425,3,7,0,7,1,0,0,2,1,2,0,2,1,4,8,8,3,1
1027,2004,3,0,1,1,1,7,1,0,0,0,0,0,0,0,1,0,0,0,5,2
150,2004,3,35106,3,1,1,7,2,0,0,2,2,2,0,2,1,2,1,2,5,1
2681,2004,4,51488,1,4,1,1,1,0,0,0,0,0,0,0,2,0,0,0,1,1
779,2004,2,42127,3,4,0,4,1,1,4,0,0,0,0,2,3,0,2,2,5,2
2037,2004,-1,19893,4,3,3,7,1,0,0,0,0,0,0,0,2,0,0,0,4,1
807,2004,2,25744,0,8,1,7,2,3,3,0,0,0,0,2,0,0,2,1,1,0
258,2004,3,151053,1,7,3,7,1,0,0,0,0,0,0,0,0,0,0,0,3,0
1098,2004,4,35106,1,1,0,1,1,0,0,0,0,0,0,0,0,0,0,0,3,0
2489,2004,2,0,0,7,7,7,0,1,3,2,2,2,0,3,0,4,0,2,1,0
4142,2006,2,18745,1,0,0,7,1,2,2,2,2,3,6,2,2,3,0,1,5,1
3384,2006,-1,59542,1,7,7,7,0,0,0,0,0,0,0,0,0,0,0,0,0,0
2942,2006,3,123496,3,1,1,3,1,4,3,2,1,2,5,1,0,6,0,1,3,0
3735,2006,3,9924,1,3,1,7,1,8,3,1,2,2,6,2,1,5,0,2,3,1
2907,2006,1,105852,1,0,1,1,1,3,3,3,2,2,3,1,2,3,0,1,1,1
2534,2006,3,39695,1,1,7,0,0,3,2,1,1,1,3,1,1,3,0,1,1,1
2272,2006,2,59542,4,4,4,3,1,1,3,3,2,3,3,2,0,6,0,1,4,0
2671,2006,1,9924,0,0,0,0,2,3,2,2,8,2,6,3,0,2,0,2,2,0
2007,2006,3,178266,1,1,1,1,2,3,3,0,0,0,4,1,2,0,2,1,3,1
2527,2006,-1,59542,1,7,7,7,0,0,0,0,0,0,0,0,0,0,0,0,0,0
3963,2006,-1,5734,1,7,7,7,0,0,0,0,0,0,0,0,0,0,0,0,0,0
3828,2006,1,441,1,8,0,7,1,0,0,1,1,1,6,2,1,3,1,1,2,1
3477,2006,-1,178266,1,7,7,7,0,0,0,0,0,0,0,0,0,0,0,0,0,0
3098,2006,-1,0,2,7,7,7,0,0,0,0,0,0,0,0,0,0,0,0,0,0
2558,2006,2,3969,0,0,0,7,2,1,3,0,0,0,6,2,0,0,2,1,6,0
2626,2006,4,12129,1,2,4,7,1,0,0,2,2,3,5,2,0,4,2,1,3,0
3747,2006,2,33079,2,0,3,1,1,0,0,3,2,2,6,3,0,2,2,2,3,0
4276,2006,3,59542,3,1,1,7,1,3,3,2,1,2,5,2,3,6,0,1,3,2
2644,2006,-1,105852,1,7,7,7,0,0,0,0,0,0,0,0,0,0,0,0,0,0
4366,2006,-1,39695,1,7,7,7,0,0,0,0,0,0,0,0,0,0,0,0,0,0
3072,2006,2,9924,1,0,0,7,1,3,2,0,0,0,4,2,0,0,2,2,3,0
2063,2006,3,123496,1,1,1,1,1,0,0,3,1,3,6,1,1,4,2,8,5,1
3372,2006,3,178266,2,1,1,4,2,2,3,3,2,2,6,1,0,6,0,1,3,0
4029,2006,-1,28668,0,7,7,7,0,0,0,0,0,0,0,0,0,0,0,0,0,0
4044,2006,9,1764,1,0,0,7,2,0,0,3,2,3,6,2,0,4,2,1,1,0
2370,2006,-1,48516,1,7,7,7,0,0,0,0,0,0,0,0,0,0,0,0,0,0
3705,2006,3,39695,3,0,0,7,1,0,0,2,8,3,6,2,0,3,1,8,3,0
2765,2006,3,59542,1,1,1,1,1,3,1,0,0,0,6,2,1,0,2,1,3,1
3947,2006,-1,39695,1,7,7,7,0,0,0,0,0,0,0,0,0,0,0,0,0,0
3452,2006,2,5734,0,7,7,7,0,3,1,0,0,0,6,2,0,0,2,1,4,0
2517,2006,-1,59542,2,7,7,7,0,0,0,0,0,0,0,0,0,0,0,0,0,0
3845,2006,2,178266,1,7,8,3,1,3,3,2,2,3,6,2,1,7,0,1,1,1
3634,2006,-1,28668,1,7,7,7,0,0,0,0,0,0,0,0,0,0,0,0,0,0
2513,2006,-1,59542,1,7,7,7,0,0,0,0,0,0,0,0,0,0,0,0,0,0
3383,2006,2,20950,1,1,3,7,1,0,0,2,2,3,6,3,0,2,1,2,5,0
2477,2006,-1,39695,1,7,7,7,0,0,0,0,0,0,0,0,0,0,0,0,0,0
2987,2006,3,28668,1,3,1,7,1,3,2,0,0,0,6,2,0,0,1,1,3,0
4047,2006,3,59542,1,1,1,2,1,3,2,0,0,0,6,2,0,0,2,1,3,0
2279,2006,4,59542,2,7,1,2,1,4,2,0,0,0,3,2,0,0,1,1,3,0
3264,2006,-1,0,3,7,7,7,0,0,0,0,0,0,0,0,0,0,0,0,0,0
2717,2006,2,3969,1,0,0,0,1,3,3,0,0,0,6,2,1,0,2,2,4,1
4039,2006,2,39695,1,7,7,1,0,0,0,2,3,3,5,2,0,1,1,1,1,0
2957,2006,3,18745,1,0,7,7,0,1,2,0,0,0,4,2,0,0,1,1,3,0
2539,2006,-1,24258,1,7,7,7,0,0,0,0,0,0,0,0,0,0,0,0,0,0
2702,2006,-1,0,1,7,7,7,0,0,0,0,0,0,0,0,0,0,0,0,0,0
3727,2006,3,0,1,8,8,1,1,2,3,3,3,3,6,2,0,4,0,1,3,0
3073,2006,-1,16539,0,7,7,7,0,0,0,0,0,0,0,0,0,0,0,0,0,0
2893,2006,3,39695,1,1,4,1,1,3,1,3,3,2,2,2,0,2,0,1,2,0
2445,2006,2,24258,1,2,1,7,2,0,0,1,2,2,2,2,2,2,2,2,3,1
1984,2006,3,123496,1,1,0,1,1,3,3,0,0,0,6,1,0,0,8,2,1,0
2504,2006,3,48516,1,0,3,7,1,3,1,0,0,0,6,2,0,0,2,1,3,0
4476,2006,3,123496,4,4,2,4,1,0,0,2,1,2,2,2,0,3,1,1,4,0
2128,2006,2,18745,1,0,0,1,1,0,0,3,1,2,6,1,3,6,2,1,2,3
3815,2006,3,48516,0,1,0,0,1,3,1,0,0,0,6,1,0,0,2,1,2,0
3317,2006,3,88211,1,1,1,3,2,0,0,2,1,3,6,1,1,4,2,1,1,1
2058,2006,3,0,1,1,1,1,1,3,2,3,3,3,6,1,0,5,0,2,3,0
1993,2006,2,48516,1,1,3,1,1,3,2,2,1,2,2,2,0,2,0,1,1,0
2785,2006,3,72774,1,0,1,7,2,1,3,0,0,0,6,2,0,0,2,1,6,0
2916,2006,4,14334,1,1,1,7,1,0,0,2,1,1,3,1,0,3,1,1,3,0
4390,2006,2,72774,3,3,1,4,1,3,1,2,2,3,3,2,1,2,0,1,3,1
3358,2006,-1,178266,4,7,7,7,0,0,0,0,0,0,0,0,0,0,0,0,0,0
3744,2006,3,18745,0,0,0,7,2,3,3,0,0,0,5,3,0,0,2,1,1,0
4510,2006,3,5734,1,7,1,7,1,3,1,2,2,3,5,3,2,3,0,1,3,1
3080,2006,1,0,1,7,9,7,9,4,2,3,8,8,6,3,0,3,0,2,3,0
4401,2006,2,39695,1,7,1,7,1,0,0,3,2,3,5,2,0,7,1,1,6,0
3538,2006,4,12129,1,0,1,7,2,3,2,0,0,0,3,1,0,0,2,1,3,0
3638,2006,-1,0,0,7,7,7,0,0,0,0,0,0,0,0,0,0,0,0,0,0
1987,2006,5,39695,4,1,7,7,0,4,1,2,2,2,6,2,1,2,0,1,5,1
3996,2006,3,4852,1,7,0,7,1,4,1,0,0,0,6,2,0,0,2,2,3,0
3681,2006,-1,0,3,7,7,7,0,0,0,0,0,0,0,0,0,0,0,0,0,0
4365,2006,-1,12129,0,7,7,7,0,0,0,0,0,0,0,0,0,0,0,0,0,0
3529,2006,1,14334,0,0,0,0,2,2,2,1,1,1,4,1,0,6,0,1,2,0
2036,2006,2,28668,1,2,1,7,1,4,3,3,1,2,6,2,1,3,0,2,4,1
3537,2006,1,0,1,3,2,7,1,0,0,3,2,3,5,8,0,2,1,2,4,0
2622,2006,3,12129,1,7,3,7,1,0,0,3,2,2,6,2,1,5,1,2,4,1
4423,2006,3,28668,0,0,0,7,2,2,3,3,2,2,6,2,0,4,0,1,3,0
4146,2006,-1,18745,1,7,7,7,0,0,0,0,0,0,0,0,0,0,0,0,0,0
2945,2006,3,9924,0,9,9,7,9,2,2,2,2,2,6,2,1,3,0,1,1,2
4418,2006,2,88211,3,4,0,2,2,3,2,0,0,0,6,1,1,0,2,2,6,1
4130,2006,3,39695,3,1,1,7,1,4,1,0,0,0,6,1,0,0,1,1,3,0
4398,2006,-1,0,1,7,7,7,0,0,0,0,0,0,0,0,0,0,0,0,0,0
2854,2006,-1,59542,4,7,7,7,0,0,0,0,0,0,0,0,0,0,0,0,0,0
2915,2006,2,59542,3,7,1,1,1,2,2,0,0,0,6,1,2,0,2,1,1,2
2560,2006,4,0,1,1,1,7,2,2,3,1,2,2,1,1,0,7,0,1,6,0
3055,2006,3,39695,1,1,7,1,0,3,2,2,1,2,5,2,0,7,0,1,3,0
2528,2006,4,72774,3,3,1,7,2,2,2,0,0,0,6,2,1,0,1,1,4,1
3136,2006,-1,59542,3,7,7,7,0,0,0,0,0,0,0,0,0,0,0,0,0,0
2230,2006,2,178266,1,1,1,2,1,2,1,3,1,2,6,1,0,4,0,1,5,0
2032,2006,3,72774,1,1,0,7,2,3,2,3,2,3,3,2,0,3,0,1,4,0
3833,2006,-1,178266,1,7,7,7,0,0,0,0,0,0,0,0,0,0,0,0,0,0
2896,2006,3,59542,1,1,1,7,2,4,2,2,3,3,6,2,0,7,0,1,6,0
4101,2006,2,12129,0,0,0,1,1,1,3,1,1,2,6,1,0,1,0,2,3,0
2101,2006,3,33079,1,1,1,7,2,3,3,0,0,0,2,2,0,0,1,1,1,0
2434,2006,2,178266,3,3,2,3,1,3,2,2,1,1,6,1,0,7,0,1,3,0
4388,2006,-1,48516,0,7,7,7,0,0,0,0,0,0,0,0,0,0,0,0,0,0
2918,2006,-1,12129,1,7,7,7,0,0,0,0,0,0,0,0,0,0,0,0,0,0
3313,2006,2,6616,1,3,7,7,0,3,1,0,0,0,3,2,1,0,2,1,1,1
3922,2006,3,39695,4,1,1,2,1,2,4,0,0,0,6,1,0,0,2,8,5,0
3113,2006,3,59542,3,1,1,3,1,4,2,0,0,0,6,2,1,0,1,2,4,1
3345,2006,-1,105852,3,7,7,7,0,0,0,0,0,0,0,0,0,0,0,0,0,0
4375,2006,4,7939,1,1,1,7,1,4,2,0,0,0,6,2,1,0,1,1,4,1
4382,2006,3,88211,1,1,1,1,1,3,2,0,0,0,6,2,0,0,2,1,2,0
3217,2006,-1,39695,3,7,7,7,0,0,0,0,0,0,0,0,0,0,0,0,0,0
4133,2006,-1,59542,0,7,7,7,0,0,0,0,0,0,0,0,0,0,0,0,0,0
2290,2006,-1,7939,1,7,7,7,0,0,0,0,0,0,0,0,0,0,0,0,0,0
4322,2006,-1,39695,1,7,7,7,0,0,0,0,0,0,0,0,0,0,0,0,0,0
3203,2006,-1,0,1,7,7,7,0,0,0,0,0,0,0,0,0,0,0,0,0,0
2187,2006,-1,105852,3,7,7,7,0,0,0,0,0,0,0,0,0,0,0,0,0,0
2775,2006,-1,59542,3,7,7,7,0,0,0,0,0,0,0,0,0,0,0,0,0,0
3047,2006,-1,48516,4,7,7,7,0,0,0,0,0,0,0,0,0,0,0,0,0,0
4167,2006,3,59542,1,1,1,7,2,2,3,0,0,0,6,2,1,0,1,1,1,1
2089,2006,3,59542,3,1,1,3,1,0,0,3,1,1,5,1,2,3,2,1,3,1
2173,2006,-1,33079,4,7,7,7,0,0,0,0,0,0,0,0,0,0,0,0,0,0
3415,2006,1,7939,2,1,0,7,1,0,0,3,2,2,6,3,1,5,2,2,2,1
4286,2006,-1,6616,1,7,7,7,0,0,0,0,0,0,0,0,0,0,0,0,0,0
4505,2006,3,3087,0,0,7,7,0,3,2,0,0,0,6,2,2,0,2,1,3,1
3162,2006,-1,59542,1,7,7,7,0,0,0,0,0,0,0,0,0,0,0,0,0,0
2193,2006,3,28668,2,2,1,7,1,0,0,1,1,2,6,2,2,1,1,2,4,1
3562,2006,2,39695,1,0,0,7,1,2,2,3,1,3,5,1,0,1,0,1,1,0
4087,2006,-1,39695,0,7,7,7,0,0,0,0,0,0,0,0,0,0,0,0,0,0
2144,2006,2,28668,0,0,0,0,2,3,3,2,1,3,6,3,1,7,0,2,1,1
2735,2006,1,28668,0,0,0,0,2,2,3,0,0,0,5,2,3,0,8,8,1,1
4150,2006,-1,88211,1,7,7,7,0,0,0,0,0,0,0,0,0,0,0,0,0,0
4063,2006,-1,20950,1,7,7,7,0,0,0,0,0,0,0,0,0,0,0,0,0,0
2976,2006,-1,24258,1,7,7,7,0,0,0,0,0,0,0,0,0,0,0,0,0,0
3504,2006,4,14334,1,1,2,1,1,4,2,3,2,3,3,3,1,2,0,8,6,1
2388,2006,3,12129,0,0,0,7,1,8,8,0,0,0,4,2,0,0,8,8,2,0
3680,2006,-1,123496,1,7,7,7,0,0,0,0,0,0,0,0,0,0,0,0,0,0
2300,2006,3,48516,3,7,1,7,1,3,2,3,2,2,2,2,0,3,0,2,1,0
2487,2006,3,28668,1,1,7,0,0,2,3,0,0,0,6,2,0,0,1,1,2,0
4080,2006,2,18745,0,1,0,7,2,3,2,2,2,2,5,2,0,4,0,1,3,0
2633,2006,3,12129,1,0,0,7,2,3,1,0,0,0,6,3,0,0,2,1,1,0
4358,2006,-1,33079,0,7,7,7,0,0,0,0,0,0,0,0,0,0,0,0,0,0
4090,2006,3,16539,2,1,0,1,1,0,0,2,2,2,6,1,0,5,2,1,3,0
3101,2006,-1,24258,1,7,7,7,0,0,0,0,0,0,0,0,0,0,0,0,0,0
4424,2006,5,48516,1,1,1,3,1,3,3,3,3,3,6,1,0,2,0,8,5,0
3757,2006,3,28668,2,4,2,7,1,3,2,1,2,2,6,2,2,5,0,1,6,1
3780,2006,2,88211,1,0,0,1,2,2,3,2,2,2,6,2,0,4,0,1,4,0
3020,2006,-1,59542,1,7,7,7,0,0,0,0,0,0,0,0,0,0,0,0,0,0
3171,2006,-1,18745,1,7,7,7,0,0,0,0,0,0,0,0,0,0,0,0,0,0
3321,2006,3,48516,4,3,1,1,2,0,0,2,2,3,3,2,1,1,1,2,6,1
2587,2006,3,12129,1,0,0,7,2,0,0,2,2,1,6,1,1,1,2,2,2,1
3566,2006,3,12129,1,1,0,0,2,2,1,2,8,3,6,1,0,8,0,1,2,0
2698,2006,3,0,1,8,0,0,2,2,2,0,0,0,6,2,1,0,1,1,3,2
2148,2006,2,33079,0,0,1,1,2,2,3,3,3,3,6,2,0,4,0,1,5,0
3457,2006,-1,0,1,7,7,7,0,0,0,0,0,0,0,0,0,0,0,0,0,0
3769,2006,2,24258,1,0,0,0,1,0,0,3,2,2,6,3,1,3,2,1,1,1
3605,2006,-1,4852,1,7,7,7,0,0,0,0,0,0,0,0,0,0,0,0,0,0
3972,2006,2,59542,1,7,0,1,1,0,0,2,2,2,6,1,0,5,2,2,3,0
2635,2006,-1,48516,1,7,7,7,0,0,0,0,0,0,0,0,0,0,0,0,0,0
1167,2010,3,36135,4,1,1,7,1,3,2,3,3,3,2,3,1,3,0,2,4,2
1623,2010,2,26097.5,1,1,1,7,1,2,2,0,0,0,6,2,0,0,1,1,4,0
253,2010,3,54202.5,3,0,1,1,1,4,1,3,2,3,6,2,1,5,0,1,4,1
1768,2010,2,17063.75,0,0,7,1,0,2,3,0,0,0,6,1,0,0,1,1,3,0
1323,2010,2,36135,1,0,0,1,1,3,2,0,0,0,6,2,1,0,2,1,1,1
294,2010,3,96360,4,4,1,3,2,4,1,2,3,2,3,1,0,2,0,2,3,0
1666,2010,2,54202.5,1,1,1,1,1,0,0,2,2,3,6,3,8,7,1,1,2,2
1916,2010,2,0,1,0,1,7,2,0,0,3,1,2,4,2,0,7,1,1,2,0
1093,2010,3,401.5,0,0,0,7,2,1,1,2,2,2,3,3,2,2,0,1,3,1
21,2010,3,44165,1,1,1,7,1,3,3,3,2,2,6,2,1,4,0,1,6,3
1324,2010,3,36135,1,1,1,4,1,3,4,3,2,3,5,2,0,7,0,1,2,0
1955,2010,4,15056.25,1,1,1,7,1,2,4,0,0,0,6,2,0,0,2,2,1,0
293,2010,4,112420,3,0,1,7,1,4,1,0,0,0,3,1,1,0,1,1,5,2
1656,2010,2,401.5,4,1,1,3,1,3,3,2,2,2,6,2,0,3,0,1,6,0
1295,2010,3,96360,4,1,1,1,2,0,0,2,2,3,3,1,1,6,1,1,3,1
239,2010,3,66247.5,0,1,1,0,1,2,2,2,3,3,6,2,0,3,0,1,5,0
193,2010,2,80300,4,4,4,7,1,4,1,3,2,3,1,1,3,7,0,9,5,3
394,2010,2,54202.5,1,7,1,7,1,2,4,2,3,3,3,3,0,7,0,2,6,0
1670,2010,4,30112.5,3,3,0,7,1,3,2,3,2,3,6,2,0,6,0,1,1,0
1185,2010,5,22082.5,1,0,8,7,1,3,2,0,0,0,5,2,1,0,1,1,2,2
1646,2010,4,152927.2306,1,4,4,7,1,3,2,1,2,2,2,2,1,3,0,2,1,1
1490,2010,2,36135,4,4,4,7,1,1,3,2,3,3,5,3,1,1,0,1,6,1
1052,2010,3,54202.5,1,1,0,7,2,0,0,3,2,3,1,3,1,1,2,1,3,1
1445,2010,2,13048.75,0,0,0,7,1,0,0,2,2,2,6,2,2,1,1,1,3,2
1427,2010,3,152927.2306,2,3,4,7,1,0,0,3,3,2,6,1,1,4,2,1,3,1
812,2010,3,54202.5,4,4,1,7,2,3,2,2,1,2,3,2,1,4,0,1,3,1
1577,2010,5,80300,3,1,1,1,1,0,0,2,1,3,5,2,0,4,1,1,3,0
1112,2010,3,17063.75,0,7,1,7,1,4,1,0,0,0,6,2,2,0,2,8,4,1
2023,2010,3,54202.5,0,1,0,1,1,3,2,0,0,0,3,1,1,0,2,1,4,1
763,2010,3,19071.25,1,1,1,7,2,0,0,1,2,2,1,3,0,2,1,1,1,0
1165,2010,3,96360,3,1,0,1,2,2,2,0,0,0,4,3,0,0,1,1,6,0
1726,2010,2,0,1,0,1,7,2,0,0,1,1,2,5,2,0,5,2,1,3,0
2034,2010,3,26097.5,1,7,1,1,1,0,0,3,2,3,6,2,1,5,2,1,6,1
300,2010,3,22082.5,1,7,1,7,1,4,1,0,0,0,5,3,2,0,1,2,3,1
1745,2010,3,9033.75,1,0,0,7,2,3,3,3,2,3,5,1,0,7,0,1,2,0
992,2010,3,19071.25,1,3,1,7,2,3,1,2,2,2,1,3,1,3,0,2,5,1
599,2010,4,26097.5,3,1,7,7,0,0,0,1,1,1,4,2,1,3,1,2,5,1
957,2010,4,9033.75,1,4,1,7,1,4,2,2,1,2,1,1,1,7,0,8,6,1
285,2010,3,54202.5,1,7,1,1,1,3,1,0,0,0,5,2,0,0,2,1,4,0
1220,2010,2,96360,4,7,0,3,1,0,0,3,2,2,6,1,0,4,1,2,4,0
1107,2010,3,54202.5,1,1,1,7,1,3,1,3,2,2,6,2,1,1,0,2,3,1
179,2010,3,80300,3,4,3,3,1,4,1,0,0,0,2,1,0,0,1,2,5,0
636,2010,3,96360,2,1,1,1,1,2,2,0,0,0,6,2,0,0,2,1,1,0
524,2010,2,36135,1,0,0,1,2,2,3,3,2,2,3,2,1,4,0,1,6,1
610,2010,2,15056.25,1,1,7,7,0,2,2,0,0,0,6,2,0,0,2,2,6,0
962,2010,3,0,3,1,1,3,2,3,1,2,1,3,2,2,0,6,0,1,3,0
910,2010,3,11041.25,1,1,1,7,1,0,0,3,3,3,5,3,0,1,2,1,4,0
1486,2010,3,15056.25,1,1,1,7,2,4,1,0,0,0,4,2,0,0,1,1,1,0
498,2010,3,54202.5,3,3,1,3,2,0,0,3,2,3,2,2,3,7,2,1,4,3
1654,2010,2,15056.25,2,1,1,7,1,3,2,3,2,3,2,3,1,2,0,1,4,1
1132,2010,2,19071.25,1,8,0,7,2,3,2,0,0,0,6,2,0,0,2,1,4,0
42,2010,3,54202.5,4,1,0,7,1,3,3,3,2,3,3,2,1,2,0,2,5,1
752,2010,2,7227,2,7,1,7,1,3,2,0,0,0,6,2,8,0,2,2,5,1
1000,2010,3,54202.5,1,1,0,0,1,4,1,1,1,1,6,2,0,5,0,2,5,0
472,2010,3,152927.2306,1,1,1,1,1,0,0,2,3,3,6,1,1,1,2,2,5,2
985,2010,3,1606,1,1,1,4,1,4,2,0,0,0,5,2,0,0,1,2,6,0
374,2010,1,17063.75,1,1,0,7,1,3,3,0,0,0,6,3,3,0,1,1,6,1
168,2010,1,36135,1,4,4,7,1,4,3,1,2,2,6,2,0,3,0,2,3,0
1303,2010,4,44165,3,4,3,3,1,2,3,2,3,3,6,1,3,6,0,2,4,2
1255,2010,2,36135,3,7,1,7,1,4,1,0,0,0,6,2,1,0,1,1,3,1
380,2010,2,0,0,8,0,0,2,1,4,0,0,0,6,1,0,0,2,2,6,0
544,2010,3,13048.75,1,7,1,7,1,4,2,0,0,0,4,2,0,0,1,2,3,0
788,2010,3,54202.5,3,3,1,4,1,3,2,2,1,1,6,2,0,6,0,1,5,0
340,2010,3,6022.5,1,7,0,7,1,2,2,1,2,1,6,3,3,3,0,1,2,3
1817,2010,3,96360,4,2,3,1,1,4,1,0,0,0,6,1,1,0,2,1,3,1
1331,2010,3,22082.5,1,0,0,7,2,0,0,2,2,2,6,2,2,1,1,1,4,2
148,2010,2,0,0,8,8,7,2,2,3,2,1,2,6,1,0,5,0,2,3,0
777,2010,5,44165,1,0,0,7,2,0,0,2,3,3,5,2,0,2,2,1,4,0
1747,2010,2,11041.25,0,0,7,7,0,2,3,0,0,0,4,2,2,0,1,1,2,3
41,2010,4,15056.25,3,4,2,7,2,0,0,2,1,2,5,2,1,3,1,2,5,1
710,2010,2,0,1,8,8,7,8,4,4,0,0,0,6,2,0,0,2,2,6,0
1362,2010,4,19071.25,0,0,0,0,2,2,4,2,2,2,6,2,1,6,0,2,3,1
163,2010,3,80300,4,3,4,7,1,3,1,3,2,2,3,2,0,2,0,2,3,0
165,2010,2,19071.25,1,0,0,7,1,3,2,2,1,2,3,2,0,3,0,2,4,0
1860,2010,3,30112.5,1,0,0,1,1,0,0,3,2,2,6,1,0,4,2,1,1,0
1533,2010,1,13048.75,0,7,0,7,1,4,1,3,2,3,6,2,0,4,0,2,4,0
430,2010,3,19071.25,1,1,0,1,2,0,0,3,2,2,6,2,1,1,2,2,3,1
1074,2010,2,22082.5,3,1,0,7,2,3,2,0,0,0,6,2,0,0,1,1,4,0
1637,2010,3,0,1,1,3,7,1,3,1,0,0,0,2,3,1,0,1,1,5,1
1191,2010,3,44165,1,0,1,1,2,3,2,0,0,0,6,2,3,0,2,1,5,2
1293,2010,3,19071.25,1,7,1,7,1,2,2,0,0,0,4,2,0,0,1,2,4,0
1983,2010,3,66247.5,1,7,1,1,1,3,3,3,2,3,6,2,0,7,0,1,5,0
644,2010,3,7227,2,7,1,2,1,4,1,3,2,2,6,3,0,4,0,1,1,0
11,2010,3,44165,2,0,0,7,1,3,4,2,1,1,6,2,0,1,0,1,6,0
1539,2010,4,36135,3,2,1,7,1,8,2,0,0,0,6,2,0,0,1,1,5,0
432,2010,3,80300,1,0,1,1,1,0,0,3,1,3,6,1,0,5,2,1,3,0
1005,2010,4,30112.5,1,1,0,7,2,2,3,0,0,0,5,2,0,0,2,1,6,0
748,2010,2,0,0,0,7,7,0,0,0,2,1,2,6,2,2,1,2,2,4,1
1259,2010,1,66247.5,3,1,1,4,2,3,2,0,0,0,5,2,1,0,1,1,5,2
271,2010,4,44165,3,4,1,7,2,4,1,2,2,3,3,1,0,4,0,2,3,0
272,2010,2,44165,3,7,1,7,1,3,1,0,0,0,6,2,0,0,1,1,3,0
848,2010,3,54202.5,4,0,0,3,2,4,2,0,0,0,2,2,0,0,2,2,4,0
589,2010,1,9033.75,1,7,0,7,1,3,2,0,0,0,6,2,0,0,1,1,6,0
762,2010,4,44165,3,3,3,7,1,3,2,2,2,3,2,2,1,3,0,2,5,1
277,2010,3,36135,1,1,1,1,1,4,1,0,0,0,6,3,0,0,2,1,3,0
1470,2010,4,44165,3,1,4,7,1,3,3,3,1,3,2,2,0,5,0,1,5,0
373,2010,8,0,1,1,1,7,1,0,0,3,1,2,8,2,0,6,9,2,6,0
1368,2010,2,30112.5,1,7,1,7,1,3,2,0,0,0,6,2,2,0,2,1,1,1
217,2010,3,26097.5,4,7,1,7,1,2,2,3,2,3,5,2,0,7,0,1,6,0
1472,2010,2,80300,1,1,1,3,1,3,1,3,2,3,1,2,1,4,0,1,4,1
1588,2010,3,0,0,1,1,7,1,3,2,2,1,2,6,2,1,4,0,1,3,2
1266,2010,4,66247.5,1,1,1,3,1,0,0,3,2,3,6,2,0,5,1,1,5,0
757,2010,3,36135,1,1,1,7,1,3,2,0,0,0,5,2,1,0,2,1,3,1
856,2010,4,5219.5,1,7,1,7,1,3,3,2,1,1,6,1,1,5,0,2,3,1
504,2010,4,152927.2306,3,4,4,4,1,4,1,0,0,0,5,2,1,0,1,2,4,1
371,2010,2,17063.75,1,2,0,1,2,0,0,2,2,2,5,1,1,4,1,1,4,1
1950,2010,2,66247.5,0,1,1,1,2,4,1,3,3,3,6,2,0,1,0,1,6,0
1535,2010,3,19071.25,1,0,0,7,2,0,0,2,1,2,6,2,0,2,2,2,3,0
1549,2010,3,96360,1,4,4,7,1,4,1,2,1,1,5,1,0,5,0,2,5,0
368,2010,3,54202.5,3,1,1,7,2,4,2,0,0,0,6,2,0,0,1,2,6,0
292,2010,3,54202.5,4,1,1,4,1,0,0,3,2,3,2,1,0,3,1,2,5,0
846,2010,2,0,1,8,8,7,2,3,2,3,2,3,6,3,1,2,0,1,2,1
931,2010,3,66247.5,4,1,1,3,1,0,0,2,1,2,8,1,1,2,1,2,1,1
1580,2010,3,36135,1,1,1,7,1,3,2,2,1,3,6,2,0,5,0,1,1,0
594,2010,3,66247.5,1,0,0,4,1,2,3,0,0,0,6,1,3,0,2,1,5,1
1,2010,2,66247.5,3,0,0,7,1,8,2,2,2,2,6,2,1,3,0,8,6,1
926,2010,2,66247.5,1,1,1,1,2,2,2,0,0,0,6,3,2,0,2,1,6,3
506,2010,3,44165,4,7,3,7,1,0,0,2,2,1,3,3,2,5,2,1,3,2
123,2010,1,44165,0,7,0,0,1,0,0,3,1,2,6,2,0,5,2,2,3,0
1218,2010,1,0,0,0,7,0,0,3,3,1,1,2,6,2,0,8,0,2,6,0
1418,2010,4,54202.5,3,4,3,3,1,4,3,3,2,1,5,1,0,2,0,1,3,0
1373,2010,3,96360,1,1,1,1,1,4,2,0,0,0,6,1,0,0,1,1,5,0
577,2010,2,17063.75,1,7,8,7,1,0,0,3,1,2,5,2,1,3,2,1,1,1
1591,2010,4,66247.5,4,1,3,7,1,0,0,1,2,1,5,1,0,1,1,2,5,0
1314,2010,2,0,1,7,0,7,2,3,2,2,2,2,6,2,0,3,0,8,5,0
1795,2010,3,54202.5,1,1,1,1,1,3,2,0,0,0,6,1,1,0,1,1,1,1
427,2010,3,22082.5,1,7,2,1,1,3,2,3,2,2,6,1,0,5,0,1,3,0
1234,2010,4,30112.5,3,3,1,3,2,2,2,3,2,3,6,2,0,6,0,1,4,0
122,2010,3,54202.5,1,1,1,7,1,2,2,2,2,2,6,1,1,5,0,1,6,1
1930,2010,2,15056.25,1,7,1,2,1,0,0,3,2,3,6,3,2,3,2,2,3,1
1951,2010,3,22082.5,1,0,0,3,1,0,0,2,3,3,5,1,0,7,1,1,2,0
1086,2010,2,44165,1,7,1,7,1,3,1,2,2,2,6,2,2,3,0,8,5,1
403,2010,3,5219.5,1,8,0,7,2,0,0,3,2,2,6,2,0,7,2,1,6,0
1349,2010,2,13048.75,1,7,0,7,1,1,2,8,2,2,5,2,0,7,0,1,3,0
1843,2010,2,13048.75,1,0,1,7,1,0,0,3,1,2,6,2,0,4,1,1,3,0
244,2010,4,44165,2,1,3,2,2,0,0,2,2,2,6,2,1,4,1,1,6,1
1263,2010,1,44165,1,8,1,1,1,0,0,3,2,2,3,3,0,5,1,1,6,0
495,2010,1,44165,1,7,0,1,2,3,1,0,0,0,6,1,1,0,2,2,6,2
1874,2010,1,26097.5,2,7,0,7,1,2,2,2,2,2,6,2,1,7,0,2,3,1
490,2010,3,152927.2306,2,3,1,3,1,3,1,0,0,0,5,1,0,0,2,1,6,0
1435,2010,3,66247.5,1,1,1,1,2,1,2,0,0,0,6,1,3,0,2,1,4,1
855,2010,4,22082.5,1,1,1,7,1,4,2,0,0,0,6,2,0,0,1,1,3,0
608,2010,4,112420,3,3,3,9,1,0,0,2,2,3,2,2,0,3,1,1,4,0
245,2010,3,22082.5,1,0,1,7,2,0,0,2,2,2,6,1,0,1,8,2,4,0
412,2010,4,0,2,3,3,7,1,0,0,2,2,2,3,3,1,2,1,2,4,1
1062,2010,3,80300,3,3,3,1,2,0,0,3,2,3,6,2,1,7,2,1,3,1
1217,2010,1,36135,0,0,0,7,2,2,2,0,0,0,4,3,1,0,2,2,6,1
303,2010,2,80300,1,0,1,1,1,3,1,3,2,2,6,1,2,4,0,1,4,1
677,2010,3,44165,1,7,2,1,1,4,1,2,3,3,5,2,0,6,0,1,3,0
501,2010,2,0,1,1,0,2,1,2,2,1,1,2,6,3,0,1,0,1,6,0
269,2014,3,4064.5,1,0,0,7,2,2,4,2,2,3,6,3,1,5,0,1,4,1
1538,2014,1,27712.5,1,0,0,1,1,3,2,0,0,0,4,1,2,0,8,8,1,2
2461,2014,2,20322.5,0,0,0,7,1,3,2,2,2,2,6,2,0,4,0,1,3,0
120,2014,3,20322.5,3,1,1,7,2,4,2,0,0,0,3,3,0,0,1,8,4,0
674,2014,3,27712.5,1,0,0,1,2,2,2,0,0,0,6,2,0,0,2,1,3,0
579,2014,4,73900,1,3,1,2,2,3,2,3,2,3,6,1,0,6,0,2,4,0
1941,2014,2,15703.75,1,0,1,7,2,3,2,0,0,0,6,2,2,0,2,2,4,1
779,2014,3,49882.5,1,3,1,4,1,3,2,3,2,2,3,2,8,8,0,1,4,1
2311,2014,3,40645,1,1,1,1,1,3,1,2,2,2,6,1,0,4,0,2,2,0
1188,2014,3,13856.25,1,0,0,0,2,3,3,0,0,0,6,3,1,0,2,2,5,1
1447,2014,2,49882.5,0,0,1,7,1,1,1,8,8,8,8,2,0,1,0,1,4,0
1238,2014,4,49882.5,1,1,1,7,1,2,1,0,0,0,6,2,0,0,2,2,4,0
129,2014,2,20322.5,2,1,2,7,1,3,3,0,0,0,9,2,1,0,9,8,5,1
1496,2014,3,24017.5,2,0,0,1,1,4,3,0,0,0,6,2,3,0,1,1,2,3
1215,2014,3,24017.5,1,3,1,7,2,4,2,2,2,3,5,2,1,2,0,2,3,1
96,2014,3,33255,2,0,1,7,1,4,1,0,0,0,6,2,1,0,1,2,6,1
676,2014,3,5542.5,1,1,8,7,8,3,2,0,0,0,6,1,0,0,2,1,6,0
1320,2014,3,0,4,4,1,9,1,8,3,0,0,0,9,2,0,0,9,9,3,0
2536,2014,3,33255,1,0,1,7,1,4,1,3,2,3,5,2,1,4,0,1,3,2
359,2014,1,4064.5,0,1,1,7,2,3,2,0,0,0,3,2,1,0,8,1,3,1
1048,2014,4,103460,4,3,2,4,2,0,0,3,1,3,5,2,3,6,1,1,3,3
1135,2014,3,60967.5,1,3,1,2,1,4,1,2,2,3,5,2,0,5,0,1,5,0
319,2014,3,8313.75,0,0,1,7,1,0,0,2,1,1,6,2,0,2,2,1,6,0
1149,2014,3,73900,1,1,1,2,1,0,0,3,1,3,6,1,0,7,2,1,1,0
690,2014,2,160742.2179,4,1,7,7,0,0,0,2,1,3,5,1,0,1,1,2,6,0
1958,2014,3,49882.5,1,1,1,1,1,0,0,2,2,3,2,1,0,2,1,1,3,0
2152,2014,2,24017.5,1,1,1,1,1,3,2,0,0,0,5,1,1,0,1,1,3,1
2098,2014,3,20322.5,1,7,0,7,1,0,0,2,1,2,6,2,1,6,1,2,3,2
1256,2014,3,8313.75,2,1,1,7,1,0,0,8,8,8,6,3,0,3,1,1,3,0
998,2014,1,0,0,7,0,7,8,0,0,2,2,2,6,1,0,1,1,2,3,0
821,2014,3,15703.75,1,1,1,7,1,2,2,3,8,2,1,2,1,1,0,8,5,1
1832,2014,4,40645,3,1,1,4,1,1,4,0,0,0,6,2,0,0,2,1,5,0
368,2014,4,160742.2179,3,1,4,7,1,0,0,2,1,2,6,2,0,4,2,1,2,0
832,2014,4,73900,1,1,1,7,1,0,0,2,1,1,2,2,0,5,1,1,4,0
1248,2014,1,17551.25,0,0,0,0,2,0,0,3,3,8,6,2,2,1,2,1,3,8
1750,2014,3,15703.75,1,0,1,1,2,2,2,2,2,2,6,2,0,5,0,2,6,0
2308,2014,2,20322.5,1,0,1,1,1,2,3,0,0,0,6,1,2,0,1,1,1,1
63,2014,2,160742.2179,4,3,3,4,1,0,0,2,1,2,4,1,0,1,1,1,6,0
695,2014,3,103460,1,7,1,7,1,0,0,3,3,3,2,1,3,3,8,1,6,3
1514,2014,3,60967.5,3,3,4,2,1,3,3,0,0,0,6,1,2,0,1,1,3,1
957,2014,2,24017.5,1,7,0,0,2,2,3,3,2,2,6,2,2,4,0,2,5,1
582,2014,3,24017.5,1,0,0,7,2,0,0,2,3,3,2,2,0,1,1,1,2,0
2405,2014,3,88680,4,3,3,3,1,0,0,2,1,2,3,1,0,1,1,2,3,0
1639,2014,1,10161.25,0,0,0,7,2,2,3,2,2,3,6,2,1,1,0,1,2,1
818,2014,3,24017.5,1,0,1,0,2,3,1,0,0,0,6,2,1,0,1,2,6,1
297,2014,2,33255,1,1,1,1,1,0,0,3,2,2,3,2,1,4,2,1,4,1
1185,2014,3,49882.5,2,1,2,1,1,0,0,2,3,3,6,1,1,4,2,2,3,1
693,2014,3,369.5,1,7,1,7,1,2,2,3,3,3,5,2,2,7,0,2,4,3
591,2014,3,12008.75,1,0,1,7,1,2,2,0,0,0,6,2,1,0,2,2,6,1
184,2014,2,33255,1,7,1,7,1,1,2,0,0,0,5,1,0,0,2,2,4,0
261,2014,3,24017.5,1,1,1,7,1,3,2,3,2,3,3,2,0,4,0,1,4,0
2424,2014,2,60967.5,0,0,0,1,1,2,2,2,2,2,6,2,1,5,0,1,1,1
2215,2014,3,73900,1,0,0,1,1,3,2,2,2,2,5,2,0,4,0,1,2,0
2032,2014,1,33255,1,8,0,7,1,3,2,3,1,2,6,1,0,3,0,1,6,0
1183,2014,3,49882.5,1,1,1,7,1,3,1,0,0,0,1,2,1,0,2,1,3,1
1985,2014,2,40645,1,7,1,1,1,0,0,3,3,3,6,1,2,7,2,1,4,3
2009,2014,1,12008.75,0,7,0,0,2,0,0,8,2,2,6,3,1,1,2,1,3,1
1287,2014,3,88680,1,4,0,0,1,3,2,0,0,0,3,2,1,0,2,1,6,1
794,2014,4,24017.5,1,1,7,7,0,3,2,0,0,0,6,2,0,0,2,2,5,0
1461,2014,3,10161.25,1,1,1,7,1,0,0,2,1,2,5,2,1,1,2,2,4,1
235,2014,2,1478,3,3,3,7,2,3,2,0,0,0,3,1,0,0,1,2,4,0
1611,2014,2,8313.75,0,7,8,7,1,0,0,1,1,2,5,2,3,3,1,2,3,8
1524,2014,3,40645,1,1,0,7,2,0,0,2,2,2,5,1,1,3,2,1,3,1
2361,2014,2,12008.75,1,1,2,7,1,0,0,3,2,2,3,2,1,1,2,2,1,2
138,2014,2,10161.25,3,4,3,7,2,2,8,0,0,0,3,2,0,0,1,8,5,0
1414,2014,4,27712.5,3,4,4,4,1,4,1,0,0,0,1,3,0,0,1,1,1,0
873,2014,2,73900,1,7,4,7,1,1,4,3,2,3,6,1,0,7,0,1,3,0
1206,2014,3,49882.5,1,1,1,3,2,3,2,0,0,0,6,2,1,0,2,1,5,1
504,2014,4,160742.2179,3,4,2,1,1,0,0,2,2,3,3,2,1,3,1,2,3,1
2383,2014,4,15703.75,3,3,3,7,1,0,0,1,2,2,6,2,1,2,2,1,3,1
1960,2014,3,49882.5,3,1,1,3,2,0,0,2,1,3,6,3,0,5,1,1,2,0
673,2014,3,73900,4,0,3,2,1,4,1,0,0,0,6,2,1,0,2,2,4,1
1335,2014,4,369.5,1,4,1,4,2,0,0,3,3,3,6,2,0,7,2,2,3,0
238,2014,4,20322.5,3,1,2,7,1,3,3,0,0,0,3,2,1,0,1,1,3,1
1814,2014,4,160742.2179,3,0,0,7,2,3,2,2,2,2,6,2,0,7,0,1,5,0
802,2014,3,17551.25,1,3,1,7,1,1,3,3,2,2,6,1,2,4,0,1,5,2
2110,2014,3,0,3,1,1,3,2,0,0,1,2,2,4,1,1,5,2,1,6,1
1207,2014,2,27712.5,3,3,1,7,1,3,2,3,1,2,6,2,1,3,0,2,4,1
1898,2014,3,49882.5,3,1,3,1,1,3,1,0,0,0,3,1,1,0,1,1,1,1
1426,2014,3,24017.5,3,1,1,7,1,4,1,0,0,0,6,2,0,0,2,1,1,0
509,2014,4,24017.5,0,0,0,1,2,3,3,2,2,3,6,1,1,4,0,2,3,1
2448,2014,3,13856.25,0,1,0,7,2,3,1,0,0,0,5,1,2,0,2,1,3,2
165,2014,3,49882.5,1,0,0,7,2,0,0,3,2,3,6,1,0,1,2,1,6,0
1078,2014,3,73900,2,4,3,7,1,3,2,3,1,3,6,2,2,3,0,1,5,2
1299,2014,4,49882.5,3,1,1,1,2,4,2,3,2,3,6,2,1,7,0,2,4,1
1634,2014,1,49882.5,1,1,1,7,1,4,2,0,0,0,6,2,3,0,2,1,4,3
206,2014,1,27712.5,0,0,0,0,2,3,2,2,2,2,1,2,0,6,0,2,3,0
874,2014,3,88680,3,1,3,7,1,0,0,2,1,3,6,1,2,4,1,1,1,1
1477,2014,4,60967.5,3,1,1,3,2,3,2,0,0,0,6,2,0,0,2,1,5,0
1334,2014,3,40645,1,7,3,7,1,3,1,0,0,0,5,2,0,0,2,1,3,0
919,2014,3,33255,1,7,1,7,1,3,2,3,2,2,6,2,1,3,0,1,6,1
2022,2014,1,60967.5,0,0,0,1,1,2,4,0,0,0,4,2,8,0,1,1,6,1
2202,2014,2,369.5,1,0,0,7,1,9,2,2,2,3,5,3,0,1,0,1,2,0
580,2014,3,103460,3,1,0,3,1,2,2,3,2,2,6,1,2,5,0,1,4,2
872,2014,4,103460,4,3,4,3,1,0,0,3,1,3,5,2,2,6,1,1,4,1
1419,2014,4,73900,4,4,4,3,1,4,1,2,3,3,1,2,0,1,0,8,3,0
684,2014,4,20322.5,1,7,0,7,2,2,2,0,0,0,6,2,0,0,2,2,4,0
73,2014,3,73900,3,2,2,3,1,3,2,3,2,3,3,2,2,7,0,8,3,3
1144,2014,2,27712.5,2,3,1,1,2,0,0,2,1,2,5,1,0,4,2,2,3,0
945,2014,2,60967.5,1,7,1,4,1,2,2,2,2,2,6,1,1,5,0,2,6,1
2495,2014,1,10161.25,1,0,0,7,1,4,3,0,0,0,6,2,1,0,2,1,3,1
1304,2014,4,160742.2179,3,1,1,1,2,3,2,0,0,0,2,2,0,0,1,2,3,0
1358,2014,3,13856.25,1,0,0,7,2,3,2,0,0,0,6,2,2,0,2,8,2,2
1143,2014,4,10161.25,3,1,3,7,1,3,2,2,2,3,6,2,2,4,0,1,5,1
2421,2014,2,49882.5,1,0,2,7,1,2,2,2,2,3,6,3,2,5,0,1,4,1
2052,2014,2,27712.5,3,4,1,7,2,0,0,2,3,3,3,2,0,2,1,2,6,0
2384,2014,2,12008.75,1,1,3,7,1,4,1,0,0,0,2,1,0,0,1,2,2,0
926,2014,5,0,0,7,8,0,1,2,1,0,0,0,6,1,2,0,2,1,4,2
470,2014,3,15703.75,2,7,1,7,1,0,0,2,2,3,3,2,0,3,1,1,6,0
953,2014,4,103460,4,1,4,3,1,3,3,0,0,0,4,2,0,0,1,1,5,0
1255,2014,3,24017.5,0,0,0,7,1,2,3,0,0,0,6,2,0,0,1,2,2,0
406,2014,3,160742.2179,4,1,1,7,1,4,1,3,1,3,2,2,3,4,0,1,6,3
753,2014,3,8313.75,1,3,1,7,1,0,0,1,3,3,5,3,0,1,1,1,4,0
85,2014,2,12008.75,0,7,0,7,1,0,0,2,2,3,6,2,1,1,2,1,6,1
1431,2014,3,88680,4,4,1,4,2,3,2,0,0,0,5,2,0,0,1,8,5,0
395,2014,3,60967.5,2,7,1,7,1,4,2,3,3,3,1,2,1,3,0,2,5,1
1745,2014,3,60967.5,4,7,2,7,1,4,2,0,0,0,4,2,0,0,1,1,6,0
2080,2014,2,160742.2179,4,1,2,3,1,4,1,3,3,3,3,1,0,2,0,2,3,0
880,2014,2,73900,4,1,2,4,1,0,0,2,1,2,6,1,1,3,2,1,4,1
1752,2014,3,6651,1,7,0,7,1,2,2,1,1,1,6,3,0,1,0,1,6,0
1632,2014,3,33255,1,2,2,1,2,3,3,0,0,0,6,1,0,0,2,2,6,0
965,2014,2,40645,3,1,1,7,1,0,0,2,1,3,2,1,0,3,1,2,3,0
5,2014,4,0,3,0,4,1,1,0,0,2,2,3,6,1,0,6,2,2,6,0
4,2014,2,160742.2179,3,1,1,3,2,4,1,2,1,2,5,1,1,5,0,2,3,1
665,2014,3,24017.5,1,7,1,7,1,3,2,3,3,3,6,2,3,1,0,2,6,1
817,2014,2,20322.5,1,8,1,7,2,3,3,2,1,1,6,2,0,4,0,1,6,0
1647,2014,3,49882.5,1,1,1,1,1,3,2,2,2,2,6,1,1,5,0,2,6,1
2143,2014,3,17551.25,3,1,0,1,1,3,2,3,1,3,6,2,1,3,0,2,6,1
17,2014,2,60967.5,1,8,8,7,1,0,0,3,8,2,6,2,3,1,2,1,3,1
1364,2014,1,0,1,0,1,1,2,3,3,0,0,0,6,1,2,0,2,2,4,1
2099,2014,2,0,0,7,1,1,1,3,2,0,0,0,6,1,1,0,2,2,3,1
538,2014,4,60967.5,3,3,3,7,1,0,0,3,2,3,5,2,1,4,1,2,4,1
1911,2014,3,49882.5,1,0,0,1,2,2,2,3,1,3,6,1,0,6,0,1,3,0
1410,2014,3,27712.5,3,3,3,7,1,3,2,2,2,3,4,2,0,1,0,2,3,0
2185,2014,8,0,1,3,1,1,2,3,2,0,0,0,6,1,1,0,1,1,4,1
1104,2014,2,88680,1,1,1,1,1,3,2,0,0,0,5,2,0,0,8,1,4,0
2235,2014,3,88680,3,1,1,1,1,3,1,0,0,0,6,1,0,0,1,1,4,0
489,2014,4,160742.2179,4,4,4,3,1,0,0,2,1,3,2,1,0,1,1,2,6,0
1288,2014,1,15703.75,1,1,1,7,1,0,0,2,1,2,4,2,2,1,1,1,4,1
1718,2014,2,24017.5,0,1,1,7,1,0,0,1,2,2,6,1,0,1,2,1,4,0
2282,2014,2,15703.75,0,0,0,7,2,3,2,1,2,3,6,2,2,1,0,1,2,2
1224,2014,3,24017.5,1,1,0,1,1,0,0,1,1,2,6,2,0,1,2,1,3,0
278,2014,3,0,1,7,4,7,1,2,3,2,1,2,3,3,1,3,0,1,3,1
338,2014,3,33255,0,8,0,0,2,0,0,2,1,2,6,1,0,3,2,2,2,0
1654,2014,3,49882.5,3,1,1,4,2,2,1,0,0,0,6,2,1,0,2,1,4,1
2537,2014,2,49882.5,1,8,2,3,1,3,3,3,2,2,6,1,0,4,0,2,1,0
594,2014,3,60967.5,3,3,1,1,1,2,2,3,2,3,6,1,2,7,0,1,3,3
1330,2014,1,0,0,7,0,0,1,0,0,2,2,2,6,1,1,3,1,2,3,2
787,2014,3,160742.2179,4,1,1,3,1,4,1,2,2,2,6,1,2,5,0,1,1,1
484,2014,2,8313.75,4,4,2,9,1,4,2,0,0,0,6,3,3,0,2,1,4,3
